employee_id,age,gender,department,job_level,tenure,manager_id,salary,salary_position_pct,performance_score,manager_score,absenteeism_days,training_hours,promotion_last_2y,internal_mobility,workload_index,team_size,remote_ratio,low_performance_risk
1,50,Female,Marketing,Mid,11.2,92,29478,0.35,2,2.0,5,22.0,1,0,65,4,0.75,1
2,36,Female,Finance,Junior,5.3,76,33210,0.39,5,5.0,2,37.0,0,0,83,5,0.23,0
3,29,Female,Finance,Mid,0.8,38,35922,0.09,3,4.0,2,43.0,0,0,65,13,0.33,1
4,42,Male,HR,Mid,2.9,36,61289,0.51,2,3.0,6,66.0,0,0,98,14,0.04,1
5,40,Female,Finance,Senior,4.8,41,88561,0.55,1,3.0,5,61.0,1,0,68,12,0.83,1
6,44,Male,Data,Mid,0.4,69,58340,0.54,2,4.0,4,11.0,0,1,99,13,0.85,1
7,32,Female,HR,Junior,10.7,13,64850,0.68,1,3.0,4,29.0,0,0,33,8,0.63,1
8,32,Male,Data,Senior,8.1,87,81984,0.29,5,2.0,2,64.0,0,0,94,3,0.35,1
9,45,Female,IT,Lead,3.5,58,63163,0.56,2,2.0,4,40.0,0,0,69,4,0.08,1
10,57,Male,Data,Senior,17.1,50,73175,0.83,5,4.0,6,19.0,0,0,66,10,0.75,0
11,45,Male,IT,Junior,2.7,30,43642,0.56,3,3.0,5,5.0,1,1,96,13,0.73,0
12,24,Female,IT,Senior,20.7,62,36094,0.11,1,3.0,7,74.0,0,0,60,10,0.91,1
13,43,Female,Data,Senior,5.5,25,47423,0.57,3,5.0,1,3.0,0,0,76,8,0.73,0
14,23,Female,HR,Junior,5.0,27,58418,0.79,1,,2,9.0,1,0,56,5,0.83,1
15,45,Female,Finance,Senior,0.9,51,30741,0.47,5,2.0,5,,1,1,80,4,0.75,1
16,51,Male,Finance,Junior,10.7,78,71049,0.23,4,1.0,6,37.0,0,1,49,8,0.63,1
17,59,Female,IT,Junior,2.8,57,31838,0.43,2,1.0,8,0.0,0,0,42,3,0.43,1
18,23,Male,IT,Lead,0.9,47,76739,0.45,5,1.0,5,7.0,1,0,92,12,0.9,1
19,42,Male,HR,Mid,0.1,39,82028,0.49,1,1.0,9,62.0,1,0,73,8,0.65,1
20,54,Female,Marketing,Mid,4.1,16,28262,0.3,1,3.0,1,32.0,0,0,53,11,0.4,1
21,33,Male,Data,Senior,3.7,22,75490,0.93,1,3.0,3,14.0,0,0,32,9,0.08,1
22,43,Male,IT,Senior,6.4,85,29996,0.23,1,5.0,5,30.0,0,0,39,11,0.29,1
23,46,Male,Finance,Lead,11.0,54,69594,0.75,2,3.0,4,20.0,0,0,94,4,0.54,1
24,48,Male,HR,Lead,0.4,21,47164,0.47,3,1.0,2,2.0,0,0,78,13,0.28,1
25,49,Female,Data,Lead,6.6,72,60595,0.42,4,4.0,4,,0,1,87,7,0.22,0
26,37,Female,HR,Junior,1.0,16,55257,0.43,2,4.0,2,34.0,0,0,31,11,0.53,1
27,36,Female,Data,Lead,9.8,59,39211,0.47,1,2.0,3,40.0,1,0,95,9,0.17,1
28,24,Female,Data,Lead,8.5,31,55453,0.43,2,2.0,9,58.0,0,0,60,11,0.8,1
29,58,Male,IT,Senior,3.9,42,30232,0.47,5,3.0,5,15.0,0,0,97,13,0.48,0
30,28,Male,HR,Lead,6.2,74,27217,0.67,1,4.0,2,55.0,1,0,66,8,0.57,1
31,42,Female,HR,Junior,1.9,32,77691,0.31,4,1.0,6,44.0,0,0,53,9,0.15,1
32,30,Female,Finance,Junior,3.2,59,49229,0.47,1,1.0,6,58.0,0,0,73,12,0.32,1
33,39,Female,Finance,Senior,8.6,34,39232,0.63,4,1.0,6,49.0,1,0,70,7,0.41,1
34,25,Male,IT,Lead,3.1,9,50613,0.88,4,3.0,4,11.0,0,1,80,8,0.81,0
35,46,Female,IT,Lead,2.2,81,39026,0.23,3,3.0,8,11.0,1,0,71,3,0.77,1
36,35,Female,Marketing,Junior,3.4,11,78535,0.5,3,5.0,5,32.0,0,0,69,3,0.22,0
37,30,Female,Finance,Lead,8.8,96,53554,0.7,2,1.0,8,48.0,0,0,77,4,0.62,1
38,47,Male,Data,Lead,2.0,10,55908,0.5,2,1.0,9,20.0,1,0,33,13,0.24,1
39,23,Male,HR,Lead,1.0,86,77113,0.77,4,3.0,5,59.0,0,0,89,6,0.99,0
40,41,Male,IT,Mid,6.2,17,44610,0.48,1,3.0,6,51.0,1,0,68,13,0.95,1
41,49,Male,HR,Senior,8.7,68,71646,0.72,5,5.0,6,53.0,0,1,34,11,0.56,0
42,28,Male,HR,Mid,0.5,48,64605,0.76,5,5.0,6,38.0,0,1,35,9,0.7,0
43,29,Male,Marketing,Senior,1.4,52,88185,0.28,1,2.0,6,48.0,1,0,43,8,0.8,1
44,56,Male,Finance,Junior,0.8,25,32031,0.99,1,4.0,2,63.0,0,0,99,3,0.72,1
45,35,Male,IT,Lead,2.1,21,72574,0.81,3,1.0,2,25.0,0,0,41,7,0.7,1
46,38,Female,HR,Senior,3.0,65,83442,0.64,5,1.0,6,70.0,0,0,91,13,0.96,1
47,57,Female,IT,Mid,6.9,63,84668,0.79,4,5.0,8,6.0,0,0,56,14,0.6,0
48,25,Male,Data,Lead,5.3,89,50515,0.44,2,5.0,6,71.0,1,0,83,6,0.64,1
49,23,Male,Marketing,Junior,4.9,51,61484,0.14,3,,8,61.0,1,0,41,7,0.85,1
50,27,Female,Data,Senior,2.2,36,61182,0.8,5,4.0,5,23.0,0,0,37,13,0.67,0
51,25,Male,IT,Senior,9.2,81,75600,0.22,1,2.0,6,39.0,0,0,45,11,0.73,1
52,50,Male,IT,Senior,3.2,88,25570,0.63,5,4.0,8,75.0,0,0,81,14,0.23,0
53,39,Male,Finance,Lead,19.3,66,57254,0.15,4,1.0,2,,0,0,55,5,0.37,1
54,47,Female,HR,Mid,5.0,15,44288,0.7,3,2.0,8,7.0,1,1,37,6,0.15,1
55,55,Female,HR,Mid,0.7,96,38288,0.81,1,5.0,2,53.0,0,0,74,10,0.51,1
56,31,Female,Data,Senior,5.6,39,54877,0.58,4,2.0,8,8.0,0,1,48,5,0.46,1
57,57,Female,Marketing,Junior,2.0,70,43889,0.75,2,2.0,3,2.0,1,0,46,5,1.0,1
58,35,Female,HR,Junior,5.8,1,25917,0.82,3,1.0,9,53.0,0,1,94,11,0.61,1
59,52,Male,Finance,Mid,0.4,23,35066,0.36,4,5.0,7,20.0,0,0,58,7,0.79,0
60,36,Female,Data,Junior,1.0,39,54504,0.95,4,5.0,7,47.0,0,1,43,12,0.33,0
61,29,Male,Data,Mid,9.7,57,89575,0.51,1,3.0,4,46.0,1,0,46,3,0.83,1
62,35,Male,Finance,Senior,1.3,81,31982,0.1,2,3.0,8,67.0,0,0,42,9,0.62,1
63,44,Female,Marketing,Mid,9.1,34,81579,0.13,4,3.0,3,62.0,0,0,92,9,0.7,1
64,42,Female,Finance,Mid,1.6,41,64104,0.36,3,1.0,5,15.0,1,0,62,8,0.29,1
65,37,Male,Marketing,Senior,5.1,93,43062,0.56,4,2.0,3,,1,0,58,8,0.55,1
66,39,Male,Finance,Junior,5.9,73,41999,0.77,5,5.0,4,4.0,1,0,66,5,0.63,0
67,45,Male,Finance,Mid,3.6,13,86845,0.85,3,5.0,2,10.0,0,0,75,5,0.59,0
68,47,Female,IT,Mid,1.8,70,34941,0.51,3,2.0,2,28.0,0,0,53,12,0.92,1
69,46,Female,Data,Senior,1.2,6,86169,0.75,4,5.0,5,78.0,0,0,43,13,0.9,0
70,50,Female,Finance,Junior,0.2,84,48470,0.23,1,2.0,9,69.0,0,0,34,11,0.97,1
71,36,Female,Finance,Mid,1.8,52,89208,0.58,3,1.0,6,47.0,0,0,82,3,0.67,1
72,22,Female,HR,Senior,5.3,3,70148,0.68,5,,5,14.0,0,1,59,9,0.97,1
73,46,Male,Data,Mid,13.9,81,84821,0.21,1,1.0,1,33.0,0,1,89,14,0.83,1
74,28,Female,HR,Lead,10.2,63,46133,0.69,1,,6,59.0,0,1,57,13,0.27,1
75,30,Male,Data,Senior,7.3,49,77657,0.27,1,2.0,6,61.0,1,1,55,12,0.43,1
76,45,Male,HR,Junior,7.8,76,69435,0.48,3,4.0,3,1.0,0,0,47,9,0.24,0
77,22,Male,Finance,Junior,5.5,47,29529,0.09,1,5.0,4,79.0,0,1,65,10,0.0,1
78,29,Female,Finance,Junior,1.5,55,42519,0.37,4,5.0,4,18.0,0,0,37,8,0.19,0
79,45,Female,IT,Junior,11.9,64,37192,0.45,1,4.0,4,48.0,0,0,47,10,0.0,1
80,32,Female,HR,Mid,5.6,65,33566,0.48,5,4.0,5,77.0,0,1,87,3,0.72,0
81,38,Male,Marketing,Mid,4.1,81,32226,0.37,2,1.0,7,27.0,0,0,61,3,0.43,1
82,29,Male,IT,Junior,0.6,67,62930,0.85,5,4.0,7,47.0,1,0,78,11,0.31,0
83,56,Male,HR,Junior,3.0,90,74358,0.36,3,2.0,5,36.0,1,0,77,14,0.76,1
84,56,Male,HR,Junior,3.1,15,46259,0.36,1,3.0,13,73.0,0,0,94,6,0.83,1
85,54,Male,IT,Mid,10.0,32,59087,0.64,1,2.0,8,48.0,1,0,62,5,0.98,1
86,26,Male,Finance,Junior,4.0,96,26141,0.61,4,4.0,2,47.0,0,0,79,8,0.64,0
87,49,Female,HR,Junior,2.4,68,29627,0.36,1,5.0,3,72.0,1,0,33,12,0.46,1
88,28,Female,Finance,Lead,18.8,18,81541,0.37,5,2.0,5,28.0,0,0,65,14,0.31,1
89,30,Female,IT,Lead,0.6,83,72269,0.61,3,5.0,9,59.0,0,0,57,14,0.22,0
90,29,Female,Finance,Junior,2.7,43,27690,0.53,2,2.0,7,28.0,1,0,32,11,0.21,1
91,33,Male,Data,Senior,0.2,35,65091,0.43,1,5.0,6,57.0,0,1,35,12,0.41,1
92,55,Male,Marketing,Junior,6.7,78,28255,0.97,2,2.0,7,47.0,0,0,74,13,0.99,1
93,54,Female,HR,Lead,12.5,58,82433,0.34,1,5.0,5,22.0,1,1,52,6,0.0,1
94,44,Male,Marketing,Senior,1.6,33,30213,0.58,3,3.0,6,26.0,1,0,36,11,0.2,0
95,45,Female,Finance,Senior,9.8,14,61876,0.2,5,1.0,4,6.0,0,0,90,7,0.19,1
96,58,Female,HR,Junior,1.7,34,44404,0.79,3,2.0,3,48.0,0,0,94,9,0.72,1
97,56,Female,Finance,Lead,12.1,61,76009,0.4,2,3.0,7,53.0,1,0,35,5,0.35,1
98,43,Male,Data,Lead,7.0,4,50380,0.15,1,1.0,6,67.0,1,0,53,5,0.46,1
99,48,Female,IT,Senior,8.2,88,50520,0.51,2,2.0,4,,0,0,66,14,0.15,1
100,56,Female,HR,Junior,0.1,59,44173,0.71,5,3.0,5,41.0,1,0,74,5,0.4,0
101,22,Female,Data,Mid,16.5,29,88297,0.05,3,3.0,5,73.0,1,0,80,10,0.1,1
102,56,Male,Data,Mid,6.5,83,78027,0.58,2,3.0,3,,0,0,74,8,0.53,1
103,58,Male,HR,Lead,1.8,6,48989,0.18,2,4.0,2,43.0,1,1,92,11,0.1,1
104,35,Female,Finance,Mid,8.8,97,67570,0.13,5,5.0,1,25.0,0,0,58,11,0.79,1
105,24,Male,Data,Lead,1.7,49,49519,0.34,1,1.0,3,22.0,0,0,54,10,0.57,1
106,22,Male,Marketing,Lead,10.3,40,85267,0.22,2,5.0,2,72.0,0,0,39,3,0.72,1
107,26,Male,Data,Lead,0.6,83,47439,0.5,5,5.0,6,7.0,0,0,64,8,0.42,0
108,47,Male,Finance,Mid,6.1,65,78034,0.35,1,5.0,4,52.0,1,1,84,6,0.38,1
109,35,Male,Finance,Lead,3.9,69,36413,0.95,1,3.0,4,13.0,0,1,54,6,0.1,1
110,48,Male,Marketing,Senior,0.5,27,39995,0.2,3,5.0,7,70.0,1,0,74,5,0.52,1
111,30,Male,Data,Junior,1.4,80,48559,0.61,5,4.0,4,6.0,1,0,41,14,0.51,0
112,36,Male,Finance,Junior,0.1,6,87492,0.64,1,2.0,3,8.0,1,0,33,11,0.47,1
113,36,Male,HR,Lead,3.2,13,70351,0.42,3,3.0,4,2.0,0,0,96,4,0.74,0
114,47,Male,IT,Junior,1.8,64,48513,0.34,4,1.0,4,77.0,0,0,46,3,0.83,1
115,34,Female,IT,Mid,4.6,62,30021,0.7,5,2.0,5,16.0,0,1,94,12,0.75,1
116,53,Female,IT,Mid,1.8,99,57464,0.23,4,2.0,6,43.0,1,1,82,5,0.14,1
117,53,Male,Data,Junior,1.8,19,46119,0.46,1,2.0,3,45.0,0,0,86,6,0.62,1
118,25,Female,Marketing,Mid,6.8,76,76539,0.01,5,5.0,4,57.0,1,0,57,6,0.08,1
119,51,Female,Finance,Junior,0.2,80,54299,0.48,3,5.0,3,27.0,1,1,45,8,0.69,0
120,58,Male,HR,Junior,11.7,43,64350,0.6,1,3.0,2,13.0,1,0,50,3,0.38,1
121,44,Male,HR,Junior,9.6,74,71223,0.86,5,5.0,0,8.0,0,0,71,3,0.13,0
122,36,Male,Data,Lead,5.5,89,50517,0.8,5,5.0,5,25.0,0,0,83,4,0.86,0
123,50,Female,IT,Junior,4.5,20,38117,0.42,4,5.0,4,1.0,1,0,61,6,0.61,0
124,57,Female,Data,Lead,11.1,95,47250,0.42,1,3.0,7,74.0,0,0,67,9,0.35,1
125,34,Male,Marketing,Junior,1.0,68,43950,0.23,3,3.0,1,33.0,1,0,99,8,0.03,1
126,53,Male,Marketing,Junior,0.4,44,42359,0.83,3,4.0,3,18.0,0,0,67,13,0.54,0
127,28,Male,Finance,Junior,1.4,23,48596,0.23,1,4.0,5,38.0,1,0,83,11,0.92,1
128,43,Female,Finance,Mid,7.9,2,50530,0.27,1,4.0,5,12.0,1,0,89,9,0.6,1
129,49,Female,Marketing,Lead,0.2,22,26262,0.23,2,4.0,7,4.0,0,0,76,14,0.97,1
130,23,Female,Marketing,Lead,4.4,57,79199,0.46,4,2.0,2,49.0,0,0,41,7,0.14,1
131,27,Female,Marketing,Junior,26.9,72,83287,0.81,1,2.0,4,22.0,1,0,82,8,0.57,1
132,49,Male,Data,Junior,9.7,7,84546,0.15,1,4.0,4,28.0,0,0,62,12,0.8,1
133,49,Male,Marketing,Mid,3.7,78,87644,0.34,2,4.0,4,71.0,0,0,57,11,0.53,1
134,41,Male,HR,Mid,0.3,56,65150,0.34,2,1.0,6,25.0,0,0,32,3,0.09,1
135,51,Male,IT,Mid,8.9,67,47615,0.31,5,2.0,8,78.0,0,1,55,13,0.58,1
136,32,Female,Marketing,Lead,4.6,16,28327,0.37,3,1.0,6,56.0,0,0,83,11,0.61,1
137,49,Female,IT,Lead,0.6,83,79782,0.84,4,1.0,5,0.0,1,0,69,8,0.73,1
138,46,Male,Data,Lead,0.5,51,54768,0.28,5,5.0,3,27.0,0,0,95,14,0.76,1
139,54,Male,IT,Junior,12.0,82,89418,0.15,1,,2,61.0,0,0,97,6,0.77,1
140,22,Female,Data,Lead,5.5,80,53850,0.8,2,2.0,7,46.0,1,0,76,14,0.66,1
141,48,Male,HR,Senior,8.8,72,76411,0.65,3,4.0,3,77.0,0,0,31,7,0.22,0
142,34,Female,Data,Senior,10.6,97,67788,0.6,5,4.0,6,58.0,0,1,71,3,0.4,0
143,24,Male,Data,Mid,4.2,12,75409,0.48,3,3.0,2,30.0,1,0,63,9,0.78,0
144,27,Male,Finance,Lead,3.6,53,41848,0.75,2,,7,69.0,1,1,50,10,0.95,1
145,29,Male,Marketing,Senior,2.8,75,71830,0.15,5,4.0,4,48.0,0,0,73,13,0.08,1
146,48,Male,Marketing,Mid,1.9,5,77446,0.13,5,4.0,9,4.0,1,0,31,7,0.54,1
147,30,Male,HR,Lead,2.9,27,64542,0.09,3,5.0,9,30.0,1,1,88,4,0.31,1
148,58,Male,HR,Junior,7.4,12,40160,0.11,2,1.0,3,36.0,0,0,45,10,0.23,1
149,54,Male,Marketing,Senior,4.6,17,81583,0.5,1,4.0,10,78.0,0,1,49,12,0.51,1
150,45,Female,Finance,Junior,11.2,6,58998,0.93,5,2.0,8,14.0,1,1,55,9,0.61,1
151,36,Female,Marketing,Lead,2.9,97,52230,0.35,1,3.0,3,51.0,0,1,45,12,0.01,1
152,53,Female,Finance,Senior,4.7,5,34076,0.35,2,5.0,6,68.0,0,0,99,11,0.78,1
153,53,Female,HR,Lead,5.0,57,28805,0.07,5,2.0,5,10.0,1,0,52,6,0.82,1
154,45,Female,IT,Junior,4.5,28,56085,0.47,5,5.0,4,,0,1,71,13,0.97,0
155,33,Male,HR,Senior,6.1,78,80571,0.46,1,1.0,1,69.0,0,0,66,11,0.18,1
156,23,Male,HR,Junior,1.4,69,39715,0.23,4,4.0,3,22.0,0,0,35,6,0.59,1
157,24,Female,Data,Lead,3.6,59,87772,0.45,1,2.0,5,39.0,0,0,66,5,0.43,1
158,58,Male,Data,Lead,0.6,33,30750,0.73,1,3.0,5,62.0,0,0,51,13,0.33,1
159,38,Female,Data,Junior,2.4,62,73395,0.62,4,1.0,7,1.0,0,0,35,5,0.57,1
160,23,Female,Data,Senior,3.3,50,38232,0.61,2,1.0,2,,0,0,61,12,0.78,1
161,23,Male,Finance,Junior,5.3,19,78008,0.7,2,5.0,4,72.0,0,0,46,4,0.02,1
162,49,Male,Marketing,Lead,15.0,86,60903,0.45,5,1.0,4,46.0,1,0,67,12,0.97,1
163,44,Male,IT,Junior,4.6,69,31953,0.9,3,2.0,4,29.0,1,0,46,5,0.81,1
164,58,Female,HR,Lead,6.8,66,57093,0.52,3,5.0,8,,0,1,66,10,0.75,0
165,53,Male,Finance,Junior,3.5,94,50500,0.63,5,1.0,9,58.0,1,0,52,13,0.76,1
166,54,Female,IT,Senior,5.0,47,47418,0.22,3,3.0,6,46.0,1,0,78,10,0.39,1
167,22,Female,Finance,Senior,0.4,39,78741,0.48,1,2.0,3,29.0,1,0,90,4,0.75,1
168,40,Female,Finance,Junior,1.5,68,59314,0.37,1,3.0,5,8.0,0,0,78,13,0.39,1
169,23,Male,HR,Junior,2.2,33,73225,0.37,4,3.0,5,64.0,0,0,90,4,0.9,0
170,47,Male,Marketing,Senior,3.2,13,47449,0.65,4,5.0,4,58.0,1,1,61,4,0.18,0
171,53,Female,Data,Lead,0.2,84,42478,0.64,5,4.0,3,63.0,0,1,92,12,0.29,0
172,27,Male,Marketing,Senior,0.8,54,60179,0.28,5,5.0,2,,0,1,36,9,0.55,1
173,53,Male,HR,Lead,1.6,7,76769,0.55,5,2.0,3,51.0,0,0,51,8,0.32,1
174,25,Male,HR,Junior,17.8,79,71881,0.61,1,2.0,3,17.0,1,0,35,14,0.42,1
175,32,Female,HR,Junior,2.0,87,50338,0.3,3,5.0,6,57.0,0,0,90,13,0.49,0
176,38,Female,IT,Lead,3.3,14,51899,0.62,5,4.0,6,48.0,0,0,43,3,0.86,0
177,59,Male,Marketing,Junior,1.1,87,29145,0.92,5,5.0,2,31.0,0,0,45,4,0.52,0
178,45,Female,Marketing,Lead,4.7,19,57101,0.65,1,2.0,2,47.0,1,0,32,3,0.36,1
179,26,Male,Finance,Mid,1.6,54,27775,0.76,1,4.0,3,44.0,0,0,38,14,0.25,1
180,55,Male,Finance,Senior,1.2,93,70961,0.52,1,2.0,10,53.0,0,0,76,13,0.41,1
181,27,Male,Finance,Mid,3.6,20,56647,0.33,3,4.0,1,45.0,0,0,71,9,0.52,0
182,43,Male,HR,Lead,0.0,29,70619,0.3,5,4.0,4,30.0,0,0,71,8,0.75,0
183,32,Female,Marketing,Senior,0.0,24,70838,0.79,2,5.0,3,36.0,0,1,52,4,0.12,1
184,37,Female,HR,Lead,1.2,82,80780,0.66,2,5.0,8,15.0,0,0,32,4,0.22,1
185,54,Female,IT,Senior,0.2,63,44539,0.3,5,5.0,1,45.0,0,0,30,4,0.38,0
186,30,Male,Finance,Senior,0.6,74,61738,0.28,5,4.0,8,45.0,0,0,96,10,0.36,1
187,27,Male,HR,Senior,2.1,57,82124,0.61,5,4.0,8,77.0,1,1,32,9,0.39,0
188,37,Male,HR,Senior,8.1,8,51616,0.54,5,2.0,5,60.0,0,0,78,3,0.79,1
189,50,Female,IT,Lead,4.2,90,39119,0.69,3,3.0,9,45.0,0,1,96,6,0.32,0
190,24,Male,Data,Senior,3.6,62,50159,0.76,2,5.0,5,50.0,0,0,84,13,0.5,1
191,41,Female,Marketing,Senior,1.7,29,79567,0.74,4,2.0,10,61.0,0,1,33,6,0.62,1
192,57,Female,Data,Mid,13.4,74,62099,0.49,2,2.0,9,34.0,0,0,60,9,0.23,1
193,40,Female,Finance,Junior,2.5,17,35295,0.81,2,1.0,4,41.0,0,0,95,4,0.72,1
194,47,Female,HR,Junior,0.5,66,59710,0.57,1,5.0,5,44.0,1,0,93,6,0.55,1
195,24,Female,IT,Mid,4.8,6,86799,0.52,5,2.0,7,67.0,0,0,60,3,0.45,1
196,40,Female,IT,Mid,0.6,58,80178,0.2,5,1.0,8,74.0,0,1,92,13,0.81,1
197,41,Male,Marketing,Lead,2.1,69,49685,0.79,5,5.0,4,46.0,0,0,95,13,0.24,0
198,53,Male,Data,Lead,3.5,28,74343,0.48,1,4.0,2,78.0,0,0,60,6,0.88,1
199,28,Female,Marketing,Lead,10.4,62,50479,0.38,3,1.0,8,29.0,0,1,76,13,0.56,1
200,54,Female,HR,Mid,3.4,41,71172,0.11,3,4.0,7,23.0,0,0,51,3,0.61,1
201,39,Male,Marketing,Mid,6.1,69,58629,0.72,4,3.0,5,,0,1,75,4,0.88,0
202,22,Female,IT,Senior,24.7,82,80863,0.28,3,3.0,9,42.0,0,0,87,4,0.82,1
203,32,Female,IT,Lead,0.7,90,67043,0.2,3,3.0,8,33.0,0,1,90,14,0.6,1
204,49,Male,Finance,Lead,1.6,84,42033,0.66,5,3.0,6,22.0,0,0,75,12,0.75,0
205,46,Female,Finance,Lead,2.5,41,61902,0.47,2,2.0,6,60.0,0,0,30,14,0.43,1
206,44,Female,HR,Junior,2.7,49,69571,0.18,3,3.0,5,36.0,0,0,54,5,0.55,1
207,52,Female,Data,Senior,2.6,91,40408,0.77,3,2.0,4,12.0,0,0,90,10,0.06,1
208,51,Male,Marketing,Lead,11.9,49,81739,0.1,1,2.0,9,70.0,0,0,43,13,0.09,1
209,56,Male,HR,Lead,6.3,76,82980,0.79,4,5.0,2,6.0,0,0,74,8,0.83,0
210,28,Male,Finance,Lead,4.7,71,42420,0.55,1,2.0,8,41.0,0,1,68,8,0.06,1
211,37,Female,Marketing,Junior,1.9,3,41351,0.48,5,2.0,5,37.0,0,1,95,11,0.17,1
212,47,Female,Finance,Junior,8.7,10,29131,0.21,2,3.0,4,51.0,0,1,61,10,0.8,1
213,23,Male,Marketing,Mid,15.5,98,76300,0.75,4,2.0,5,43.0,0,1,87,4,0.0,1
214,22,Female,Data,Senior,8.6,89,69825,0.88,1,4.0,3,63.0,0,1,85,8,0.28,1
215,33,Female,HR,Mid,0.0,35,36349,0.27,3,3.0,8,12.0,0,1,35,3,0.58,1
216,26,Female,Marketing,Senior,5.1,80,85931,0.53,3,1.0,7,27.0,1,1,96,11,0.6,1
217,58,Female,IT,Junior,0.3,2,69254,0.56,4,3.0,4,0.0,1,0,79,6,0.78,0
218,53,Female,IT,Lead,1.5,24,63225,0.7,3,2.0,2,42.0,0,1,67,6,0.51,1
219,30,Male,Marketing,Mid,0.3,74,63847,0.1,1,4.0,3,41.0,1,1,32,11,0.51,1
220,56,Female,Marketing,Lead,4.6,38,37453,0.71,1,3.0,2,49.0,0,0,34,5,0.73,1
221,40,Male,Marketing,Mid,5.8,22,43814,0.36,3,4.0,7,59.0,0,0,53,7,0.5,0
222,37,Female,IT,Junior,0.6,26,43263,0.52,3,1.0,5,0.0,1,0,83,3,0.61,1
223,24,Male,IT,Junior,2.4,43,37158,0.58,5,1.0,6,50.0,1,1,63,8,0.9,1
224,41,Female,Marketing,Junior,3.0,55,40735,0.46,2,,2,15.0,1,1,68,5,0.4,1
225,45,Male,Finance,Mid,2.3,39,40830,0.78,4,5.0,6,38.0,0,0,77,3,0.39,0
226,54,Female,Finance,Senior,0.6,91,72893,0.55,1,3.0,3,14.0,0,0,78,12,0.0,1
227,45,Male,Data,Mid,2.7,29,69673,0.1,4,5.0,3,32.0,0,0,63,8,0.61,1
228,32,Female,HR,Senior,7.0,20,86470,0.65,5,,3,52.0,0,0,36,14,0.03,0
229,29,Male,Finance,Mid,0.4,91,48926,0.91,1,5.0,6,16.0,0,0,47,12,0.5,1
230,57,Female,IT,Mid,0.4,41,70066,0.6,5,4.0,5,5.0,1,0,99,4,0.8,0
231,59,Male,Finance,Junior,2.2,54,59779,0.8,5,5.0,8,30.0,0,1,63,10,0.55,0
232,41,Male,Data,Lead,14.2,20,28373,0.65,3,5.0,4,68.0,0,0,80,13,0.27,0
233,56,Female,Data,Lead,5.5,19,35335,0.8,4,5.0,5,39.0,0,0,97,14,0.79,0
234,46,Female,HR,Senior,5.7,84,48741,0.67,4,2.0,5,29.0,0,1,43,4,0.27,1
235,56,Male,Finance,Lead,2.2,99,35692,0.49,3,2.0,7,68.0,0,0,98,6,0.73,1
236,46,Female,IT,Mid,4.5,66,72295,0.18,4,,6,,1,0,37,5,0.61,1
237,50,Male,IT,Mid,0.1,30,70541,0.56,3,4.0,1,6.0,0,0,44,11,0.17,0
238,39,Male,Marketing,Junior,5.1,53,59057,0.7,1,3.0,2,12.0,0,0,88,4,0.91,1
239,39,Male,IT,Junior,12.2,34,26447,0.1,5,1.0,7,3.0,1,1,40,5,0.2,1
240,23,Female,HR,Lead,4.7,22,44583,0.88,5,2.0,9,49.0,1,1,49,9,0.99,1
241,56,Male,HR,Senior,10.3,67,47765,0.73,4,5.0,10,2.0,1,0,84,6,0.01,0
242,37,Male,IT,Lead,6.4,6,84287,0.54,2,1.0,7,11.0,1,0,65,8,0.26,1
243,57,Female,IT,Lead,0.6,79,48906,0.04,5,2.0,7,64.0,0,0,43,5,0.2,1
244,54,Female,Marketing,Lead,11.6,27,80211,0.53,3,3.0,2,26.0,1,0,87,3,0.01,0
245,25,Female,IT,Lead,0.3,10,44567,0.81,2,4.0,5,49.0,0,1,67,13,0.73,1
246,54,Female,Marketing,Mid,3.8,73,39139,0.41,2,5.0,5,76.0,1,0,30,8,0.69,1
247,35,Male,Marketing,Senior,0.8,97,71525,0.41,5,3.0,7,16.0,0,0,94,6,0.79,0
248,42,Male,IT,Mid,0.1,96,63230,0.77,5,2.0,5,71.0,0,1,30,4,0.26,1
249,41,Male,Data,Senior,2.7,48,77368,0.71,5,5.0,6,31.0,0,1,89,9,0.44,0
250,29,Male,Data,Junior,1.7,70,44520,0.06,3,1.0,4,50.0,0,0,54,12,0.66,1
251,28,Female,Marketing,Lead,3.3,59,44702,0.41,2,4.0,11,16.0,0,1,39,14,0.44,1
252,24,Male,IT,Mid,4.3,59,76934,0.4,4,2.0,5,33.0,0,0,79,7,0.7,1
253,38,Male,Data,Senior,0.2,2,50566,0.36,3,4.0,6,34.0,1,0,41,8,0.63,0
254,54,Female,IT,Junior,0.7,29,32657,0.75,1,5.0,3,23.0,0,0,61,8,0.11,1
255,33,Male,IT,Junior,4.1,68,62688,0.28,5,3.0,1,53.0,0,0,62,11,0.78,1
256,43,Male,IT,Lead,2.1,65,55134,0.71,2,4.0,5,17.0,1,0,55,14,0.72,1
257,43,Male,Finance,Senior,6.5,83,35345,0.27,3,1.0,5,49.0,0,0,71,4,0.66,1
258,51,Male,IT,Mid,5.3,26,80476,0.83,1,2.0,5,45.0,0,0,79,14,0.16,1
259,59,Male,Finance,Lead,9.3,89,80479,0.3,3,1.0,6,47.0,0,0,90,8,0.27,1
260,59,Male,Marketing,Mid,5.9,10,66185,0.23,3,4.0,1,32.0,0,0,70,11,0.39,1
261,29,Female,Data,Junior,2.8,53,74928,0.5,4,3.0,11,26.0,1,0,86,14,0.28,1
262,48,Female,Data,Mid,5.6,79,52413,0.54,4,3.0,1,,1,0,31,6,0.23,0
263,48,Male,Data,Mid,1.6,59,30208,0.65,3,1.0,5,58.0,1,0,99,14,0.81,1
264,55,Male,Data,Lead,1.8,22,58455,0.39,1,5.0,6,9.0,0,0,60,13,0.64,1
265,42,Female,Data,Mid,7.8,51,74681,0.12,2,5.0,5,24.0,0,1,52,8,0.57,1
266,51,Male,Data,Lead,3.0,48,53018,0.58,2,3.0,5,56.0,0,0,83,9,0.23,1
267,54,Male,Data,Junior,8.0,21,79219,0.38,5,1.0,3,,0,0,57,3,0.92,1
268,49,Male,Marketing,Lead,8.6,22,70991,0.31,5,1.0,5,14.0,0,0,48,7,0.19,1
269,54,Female,IT,Lead,9.7,98,33080,0.29,2,1.0,2,27.0,0,1,77,6,0.79,1
270,26,Male,HR,Senior,12.4,30,46902,0.63,3,4.0,7,12.0,0,1,31,12,0.97,0
271,40,Female,Finance,Mid,2.8,25,76305,0.13,3,5.0,6,13.0,0,0,40,4,0.73,1
272,25,Male,HR,Junior,1.9,28,34486,0.09,4,5.0,5,65.0,0,0,73,4,0.99,1
273,56,Female,HR,Lead,4.4,65,63862,0.56,4,4.0,4,33.0,1,0,88,4,0.65,0
274,38,Female,IT,Junior,2.3,45,81126,0.75,5,2.0,4,24.0,0,1,88,9,0.22,1
275,49,Male,IT,Senior,4.6,68,83870,0.65,2,4.0,6,53.0,1,0,67,13,0.2,1
276,51,Female,IT,Mid,6.1,7,46158,0.79,3,1.0,11,78.0,1,1,54,13,0.32,1
277,50,Male,Data,Lead,5.8,49,65460,0.17,2,4.0,6,11.0,0,0,50,6,0.01,1
278,27,Female,Marketing,Mid,2.3,9,68856,0.27,1,1.0,4,8.0,0,0,71,8,0.68,1
279,56,Male,Data,Senior,0.9,36,60871,0.54,2,3.0,0,30.0,0,1,65,9,0.27,1
280,58,Male,Marketing,Senior,2.8,83,60208,0.48,1,1.0,5,77.0,0,1,38,11,0.82,1
281,45,Female,Marketing,Junior,0.8,1,45519,0.64,4,5.0,3,52.0,0,0,41,13,0.36,0
282,50,Male,HR,Lead,11.0,10,56379,0.53,4,4.0,2,42.0,1,0,39,4,0.48,0
283,52,Male,HR,Junior,2.1,36,89729,0.69,5,1.0,4,37.0,1,0,88,12,0.97,1
284,56,Female,Marketing,Senior,0.8,73,53378,0.3,2,2.0,5,41.0,0,0,34,14,0.24,1
285,54,Male,Marketing,Mid,0.1,46,64892,0.46,2,3.0,8,71.0,1,0,62,11,0.72,1
286,42,Male,Data,Junior,5.2,32,79353,0.71,1,2.0,2,47.0,0,0,98,13,0.76,1
287,53,Female,Data,Junior,5.1,32,74996,0.74,4,2.0,4,66.0,1,0,92,7,0.22,1
288,44,Female,HR,Mid,2.1,6,39031,0.76,1,2.0,9,65.0,0,0,58,8,0.5,1
289,54,Male,IT,Junior,0.4,48,39536,0.35,4,3.0,2,,0,0,47,8,0.35,0
290,24,Male,Marketing,Mid,2.6,38,25446,0.67,1,3.0,5,15.0,0,0,35,13,0.77,1
291,39,Female,Data,Lead,1.9,17,61683,0.51,4,3.0,6,,1,0,82,5,0.62,0
292,46,Female,HR,Mid,5.7,74,73555,0.6,1,3.0,6,57.0,0,0,61,13,0.48,1
293,52,Male,Data,Lead,4.7,27,77261,0.18,4,2.0,6,27.0,0,0,71,13,0.78,1
294,24,Female,Marketing,Mid,2.3,54,42618,0.69,1,5.0,5,3.0,1,0,76,12,0.24,1
295,45,Male,Marketing,Senior,1.2,50,31587,0.64,2,5.0,5,9.0,1,0,60,9,0.75,1
296,53,Male,Finance,Senior,22.1,35,87790,0.75,5,3.0,5,50.0,0,0,91,9,0.87,0
297,43,Male,IT,Lead,3.0,85,56480,0.66,1,4.0,5,17.0,1,0,85,10,0.88,1
298,44,Male,Finance,Lead,5.8,25,57994,0.58,5,1.0,2,46.0,0,0,40,7,0.78,1
299,23,Male,HR,Senior,0.8,28,45527,0.58,2,4.0,2,31.0,0,0,55,4,0.41,1
300,48,Female,Data,Lead,3.3,15,48569,0.7,2,4.0,7,29.0,0,1,56,5,0.98,1
301,23,Female,HR,Mid,0.1,4,36151,0.6,4,4.0,4,35.0,0,1,86,11,0.38,0
302,47,Female,Marketing,Mid,3.5,93,30558,0.14,5,5.0,5,8.0,0,0,56,8,0.64,1
303,38,Female,Finance,Senior,16.6,73,84174,0.54,3,1.0,2,35.0,0,0,88,10,0.16,1
304,54,Male,Finance,Junior,2.4,27,69739,0.55,4,4.0,4,28.0,0,0,91,10,0.98,0
305,30,Male,Finance,Mid,0.2,26,57954,0.36,5,3.0,6,15.0,1,0,49,7,0.7,0
306,50,Male,HR,Lead,0.2,19,72448,0.78,1,5.0,3,20.0,1,0,32,3,0.75,1
307,47,Male,Marketing,Junior,2.5,92,72327,0.13,1,,6,63.0,0,0,45,8,0.07,1
308,56,Female,Data,Junior,0.9,17,68837,0.29,2,3.0,3,65.0,0,0,73,9,0.76,1
309,46,Male,Data,Mid,0.1,43,60303,0.68,3,4.0,9,58.0,0,1,59,11,0.77,0
310,45,Male,HR,Mid,7.1,41,59700,0.71,1,3.0,0,27.0,1,0,69,4,0.67,1
311,34,Female,Finance,Junior,3.1,42,52500,0.86,5,1.0,2,54.0,0,0,94,14,0.29,1
312,28,Female,IT,Junior,1.7,50,83192,0.33,5,3.0,3,,0,1,58,4,0.49,0
313,57,Female,HR,Senior,11.5,84,27032,0.36,1,4.0,9,32.0,0,0,59,12,0.11,1
314,41,Female,HR,Lead,0.6,40,26252,0.25,5,3.0,4,59.0,0,0,61,3,0.47,1
315,22,Male,Marketing,Senior,15.6,39,30509,0.41,5,5.0,7,40.0,0,0,39,7,0.24,0
316,29,Male,Data,Mid,1.9,23,62842,0.33,2,5.0,6,45.0,1,0,80,4,0.35,1
317,37,Female,HR,Senior,11.0,96,38900,0.49,3,5.0,9,48.0,0,0,37,5,0.16,0
318,35,Male,HR,Senior,4.6,52,87456,0.27,2,2.0,4,64.0,0,0,80,4,0.23,1
319,33,Male,Finance,Senior,8.8,47,39523,0.28,3,5.0,7,41.0,0,0,65,13,0.08,1
320,44,Male,Finance,Senior,20.7,63,26881,0.64,5,5.0,3,22.0,1,0,84,6,0.92,0
321,36,Female,IT,Lead,1.7,97,58037,0.17,3,2.0,5,26.0,0,1,64,13,0.53,1
322,49,Male,Marketing,Lead,16.2,69,26630,0.12,5,5.0,4,,0,0,65,5,0.4,1
323,55,Female,IT,Junior,2.5,43,45789,0.65,5,4.0,2,2.0,0,0,85,11,0.54,0
324,23,Male,Finance,Mid,2.4,48,85547,0.64,2,5.0,1,59.0,1,1,65,12,0.63,1
325,53,Male,Data,Senior,2.1,34,47523,0.58,2,5.0,2,75.0,0,0,90,14,0.92,1
326,44,Male,Finance,Junior,3.9,40,42958,0.64,4,2.0,5,78.0,0,0,91,4,0.18,1
327,43,Female,Marketing,Junior,0.8,75,71151,0.17,1,4.0,5,16.0,1,0,54,9,0.3,1
328,46,Male,Finance,Junior,4.0,61,73920,0.79,4,3.0,5,31.0,1,0,93,13,0.98,0
329,43,Female,Marketing,Lead,3.9,50,68852,0.78,4,1.0,8,6.0,0,0,89,5,0.37,1
330,43,Female,Marketing,Senior,7.2,67,26695,0.34,3,4.0,6,,1,0,86,12,0.02,0
331,27,Female,Marketing,Senior,9.0,62,77410,0.72,5,3.0,3,68.0,0,1,99,10,0.15,0
332,36,Male,Marketing,Mid,2.9,58,39821,0.64,5,4.0,3,57.0,0,0,81,6,0.03,0
333,58,Male,Marketing,Senior,1.8,33,28262,0.45,5,3.0,5,39.0,0,0,85,6,0.99,0
334,54,Male,Data,Senior,1.5,75,26445,0.26,1,,3,47.0,0,0,92,11,0.28,1
335,29,Male,IT,Junior,1.1,16,80415,0.52,3,4.0,2,50.0,0,0,97,13,0.92,0
336,26,Female,HR,Mid,0.3,82,82563,0.85,3,2.0,6,56.0,0,0,49,5,1.0,1
337,25,Female,IT,Senior,2.1,94,41436,0.47,5,4.0,6,70.0,1,0,83,9,0.6,0
338,27,Female,Marketing,Lead,1.6,48,34949,0.69,4,4.0,6,36.0,1,0,30,3,0.03,0
339,53,Male,Data,Senior,17.0,10,79722,0.58,1,3.0,6,74.0,0,0,39,9,0.08,1
340,51,Female,Finance,Junior,4.1,82,48963,0.44,4,1.0,7,73.0,0,1,52,12,0.48,1
341,56,Male,Data,Lead,2.1,38,75818,0.88,2,3.0,2,54.0,0,1,80,13,0.41,1
342,37,Female,Marketing,Junior,4.3,19,54932,0.36,3,5.0,7,40.0,0,0,53,4,0.61,0
343,34,Male,Data,Senior,0.7,36,31901,0.26,3,4.0,4,19.0,0,0,42,14,0.44,1
344,51,Male,Data,Lead,2.9,59,76937,0.55,4,4.0,5,32.0,0,0,58,8,0.93,0
345,40,Female,Marketing,Mid,4.9,63,58487,0.69,1,2.0,5,39.0,0,1,87,11,0.53,1
346,38,Female,Data,Mid,3.4,77,33597,0.27,3,3.0,5,33.0,0,0,72,8,0.69,1
347,40,Female,HR,Lead,2.6,46,89095,0.59,4,2.0,4,61.0,1,0,39,5,0.9,1
348,49,Female,HR,Lead,25.5,3,89508,0.27,1,4.0,4,18.0,1,1,60,3,0.15,1
349,47,Male,Data,Junior,10.6,74,88909,0.56,4,3.0,3,42.0,0,0,43,14,0.23,0
350,58,Female,Finance,Lead,4.9,65,31855,0.56,1,3.0,3,68.0,0,1,63,14,0.11,1
351,47,Female,Marketing,Junior,4.2,91,43678,0.45,5,5.0,7,62.0,0,0,46,6,0.14,0
352,44,Female,HR,Senior,4.8,8,33263,0.19,1,5.0,5,9.0,0,0,50,6,0.51,1
353,30,Male,Finance,Junior,1.1,51,88293,0.64,2,1.0,4,12.0,0,0,96,10,0.32,1
354,33,Male,Data,Lead,2.5,81,72288,0.26,5,,9,4.0,0,1,87,12,0.42,1
355,22,Female,Finance,Lead,0.2,73,84397,0.72,4,3.0,5,57.0,0,0,37,12,0.98,0
356,22,Male,IT,Senior,3.2,6,50805,0.36,5,5.0,5,58.0,0,0,67,9,0.16,0
357,55,Female,HR,Lead,3.9,89,51143,0.2,5,1.0,6,75.0,0,0,55,12,0.54,1
358,53,Male,Data,Lead,1.3,39,36874,0.48,4,4.0,6,,0,1,93,9,0.1,0
359,46,Male,Marketing,Mid,16.6,60,52529,0.33,4,5.0,6,76.0,0,0,59,9,0.32,0
360,22,Male,Data,Mid,12.0,28,45866,0.95,2,3.0,4,14.0,1,0,38,14,0.53,1
361,37,Male,Marketing,Senior,6.4,97,39079,0.74,4,4.0,3,76.0,1,1,61,4,0.95,0
362,26,Female,Data,Junior,3.8,54,74850,0.18,3,3.0,4,0.0,0,1,40,11,0.39,1
363,43,Female,Finance,Mid,10.2,37,32243,0.61,3,4.0,5,37.0,0,0,63,8,0.06,0
364,50,Female,Finance,Junior,0.7,9,54872,0.62,2,3.0,2,52.0,1,0,47,4,0.39,1
365,24,Male,Finance,Lead,7.8,82,34018,0.26,1,5.0,6,51.0,0,0,48,3,0.15,1
366,33,Female,IT,Mid,0.7,56,80070,0.66,1,5.0,0,0.0,1,0,83,13,0.23,1
367,47,Female,Marketing,Senior,7.9,59,74500,0.62,3,1.0,9,10.0,0,0,66,3,0.62,1
368,37,Female,Finance,Senior,1.6,85,79526,0.26,4,4.0,3,57.0,1,0,41,3,0.07,1
369,58,Male,IT,Senior,10.5,2,37100,0.32,2,1.0,10,39.0,1,0,33,6,0.46,1
370,43,Male,Marketing,Mid,14.4,61,82021,0.48,1,2.0,4,59.0,0,0,72,6,0.61,1
371,50,Male,Data,Junior,0.8,58,74459,0.74,1,5.0,4,43.0,0,0,56,14,0.42,1
372,35,Female,IT,Lead,3.1,60,44800,0.31,5,4.0,7,5.0,0,0,80,11,0.02,0
373,49,Female,HR,Junior,19.8,40,87590,0.9,3,1.0,5,27.0,0,0,34,14,0.99,1
374,26,Female,IT,Junior,3.3,36,88400,0.76,4,1.0,4,30.0,0,1,35,14,0.37,1
375,51,Male,IT,Lead,10.0,37,51910,0.6,2,2.0,10,7.0,0,0,85,3,0.78,1
376,26,Male,Marketing,Lead,4.4,79,54437,0.13,1,1.0,5,4.0,0,0,97,5,0.33,1
377,33,Female,Data,Mid,2.4,92,62588,0.72,5,3.0,7,53.0,0,0,73,5,0.48,0
378,37,Male,HR,Mid,1.7,18,36001,0.67,3,5.0,3,16.0,1,0,44,10,0.39,0
379,47,Male,Finance,Mid,1.1,98,71675,0.13,3,,4,37.0,0,1,71,4,0.34,1
380,47,Male,Finance,Mid,7.2,63,44942,0.17,2,1.0,3,8.0,0,0,40,8,0.02,1
381,42,Male,IT,Mid,2.4,22,45862,0.64,1,2.0,2,73.0,0,0,40,13,0.36,1
382,57,Female,Marketing,Lead,3.6,11,36669,0.71,2,3.0,3,77.0,0,0,95,6,0.89,1
383,54,Male,Marketing,Junior,3.4,58,80683,0.58,2,1.0,6,13.0,0,1,56,12,0.69,1
384,51,Male,Finance,Mid,4.3,57,78772,0.46,5,5.0,7,25.0,1,0,87,8,0.15,0
385,58,Male,HR,Mid,10.0,77,40916,0.72,3,5.0,5,61.0,0,0,50,7,0.59,0
386,44,Male,Data,Junior,19.7,4,35878,0.68,4,1.0,3,24.0,0,0,50,14,0.89,1
387,31,Female,HR,Mid,2.6,86,27985,0.24,3,3.0,3,79.0,0,0,30,11,0.7,1
388,26,Female,Data,Junior,8.8,7,57369,0.85,3,5.0,7,35.0,0,0,87,11,0.15,0
389,57,Male,Finance,Junior,7.2,61,33112,0.44,5,5.0,3,79.0,1,0,42,3,0.87,0
390,55,Male,Data,Lead,4.3,54,66235,0.55,4,3.0,4,32.0,0,0,35,5,0.3,0
391,52,Male,Marketing,Senior,15.6,88,43931,0.55,1,3.0,7,2.0,0,0,87,3,0.45,1
392,31,Male,IT,Lead,1.1,68,52340,0.7,4,1.0,4,10.0,0,0,46,8,0.53,1
393,40,Male,IT,Senior,0.6,92,25336,0.74,1,4.0,2,57.0,1,0,41,14,0.85,1
394,53,Male,Finance,Senior,9.6,79,67933,0.4,4,2.0,3,63.0,0,0,81,5,0.93,1
395,22,Female,Marketing,Senior,2.9,1,44363,0.48,2,4.0,2,17.0,1,0,99,3,0.93,1
396,26,Male,HR,Mid,9.4,55,70536,0.84,4,4.0,8,46.0,0,0,81,8,0.01,0
397,25,Female,Marketing,Lead,11.2,3,28968,0.32,5,5.0,6,43.0,0,1,66,7,0.92,0
398,37,Female,IT,Senior,0.3,78,58678,0.91,1,,12,58.0,0,0,32,14,0.05,1
399,45,Male,IT,Junior,10.7,38,76148,0.65,3,5.0,4,49.0,0,0,37,14,0.27,0
400,37,Female,Marketing,Mid,3.0,1,73400,0.61,5,2.0,3,68.0,0,0,39,10,0.51,1
401,23,Female,Marketing,Lead,3.6,38,41279,0.42,1,1.0,1,28.0,0,0,76,4,0.48,1
402,49,Female,IT,Senior,4.9,85,28129,0.49,1,2.0,6,66.0,0,0,70,10,0.6,1
403,53,Female,HR,Junior,13.0,29,63215,0.63,3,5.0,2,1.0,1,0,93,14,0.48,0
404,48,Female,Finance,Lead,0.1,5,63897,0.76,2,5.0,4,24.0,0,0,71,7,0.93,1
405,41,Female,Finance,Lead,3.2,74,30850,0.07,5,5.0,4,18.0,0,1,72,10,0.24,1
406,45,Male,Marketing,Mid,5.8,92,45588,0.19,3,5.0,5,39.0,0,0,38,14,0.27,1
407,33,Female,Finance,Lead,6.4,21,65214,0.16,3,4.0,4,1.0,0,0,43,12,0.92,1
408,56,Female,IT,Mid,5.9,71,36949,0.8,2,1.0,5,64.0,0,1,33,6,0.08,1
409,54,Female,IT,Senior,0.7,67,33519,0.24,5,4.0,7,61.0,0,0,31,6,0.61,1
410,54,Male,Marketing,Mid,1.8,47,51375,0.29,3,5.0,6,53.0,0,1,30,12,0.68,1
411,58,Female,Marketing,Junior,2.2,84,58082,0.54,2,,4,44.0,0,0,94,6,0.51,1
412,33,Male,Marketing,Mid,8.2,83,36737,0.47,5,4.0,5,48.0,0,0,75,13,0.69,0
413,24,Female,HR,Junior,1.6,35,26134,0.49,4,5.0,3,68.0,1,0,88,8,0.17,0
414,22,Male,Finance,Mid,1.2,68,35938,0.98,1,5.0,1,37.0,0,1,36,6,0.85,1
415,54,Male,Marketing,Lead,15.8,69,79028,0.37,2,1.0,4,3.0,0,1,95,11,0.14,1
416,31,Female,Data,Senior,0.0,1,49486,0.19,1,2.0,5,16.0,1,0,44,11,0.4,1
417,50,Female,Data,Junior,30.6,68,73356,0.46,4,4.0,6,52.0,0,0,76,5,0.08,0
418,34,Male,IT,Mid,5.6,12,51096,0.98,3,4.0,4,52.0,0,0,69,9,0.55,0
419,33,Female,Finance,Mid,8.8,60,66115,0.29,3,4.0,5,30.0,0,0,71,14,0.67,1
420,52,Male,Marketing,Mid,1.7,27,30592,0.14,5,5.0,7,21.0,1,1,80,7,0.94,1
421,23,Male,Data,Lead,0.1,56,43108,0.43,2,1.0,5,10.0,1,0,64,14,0.74,1
422,56,Male,Finance,Lead,6.7,23,77495,0.84,2,5.0,5,33.0,1,0,70,11,0.54,1
423,44,Male,IT,Junior,9.0,25,42270,0.43,5,5.0,9,14.0,0,1,86,4,0.93,0
424,38,Male,HR,Junior,6.7,21,52649,0.63,1,3.0,3,9.0,0,1,67,5,0.48,1
425,47,Female,Finance,Lead,0.8,61,35997,0.55,3,1.0,5,52.0,0,0,37,12,0.56,1
426,29,Male,Finance,Junior,7.0,63,58489,0.43,3,,3,47.0,0,0,92,7,0.6,0
427,50,Male,HR,Senior,7.3,52,81830,0.74,2,2.0,5,30.0,1,1,33,14,0.41,1
428,47,Female,Finance,Senior,5.4,88,34104,0.63,2,4.0,4,36.0,0,0,77,7,0.84,1
429,31,Male,IT,Lead,7.3,25,77509,0.55,5,5.0,3,27.0,0,0,81,12,0.19,0
430,47,Female,IT,Junior,9.4,55,25870,0.56,4,1.0,7,30.0,1,0,67,14,0.55,1
431,55,Female,HR,Mid,4.8,46,53684,0.87,1,1.0,5,69.0,1,1,34,9,0.72,1
432,28,Female,Marketing,Senior,0.5,32,64519,0.26,4,1.0,3,13.0,0,0,99,10,0.9,1
433,25,Male,Data,Lead,3.3,55,74649,0.6,4,3.0,3,15.0,0,0,53,10,0.88,0
434,32,Male,Marketing,Junior,0.4,96,59524,0.19,2,4.0,6,24.0,0,0,46,3,0.51,1
435,50,Male,Finance,Lead,2.6,5,55957,0.42,2,3.0,7,38.0,0,1,55,3,0.64,1
436,57,Female,Data,Mid,2.6,36,58885,0.16,2,2.0,7,65.0,0,0,32,5,0.39,1
437,46,Male,HR,Senior,0.3,49,69369,0.77,4,5.0,4,37.0,0,1,31,3,0.47,0
438,42,Female,HR,Lead,2.1,58,60596,0.44,1,3.0,4,40.0,1,0,31,3,0.91,1
439,57,Male,Data,Lead,0.6,39,54866,0.75,2,3.0,1,39.0,0,1,51,12,0.93,1
440,31,Female,IT,Lead,8.3,80,55676,0.33,3,5.0,4,63.0,0,1,33,10,0.9,0
441,58,Male,Data,Mid,14.8,97,89093,0.64,1,1.0,3,15.0,0,1,67,3,0.14,1
442,30,Male,Finance,Lead,0.4,85,72764,0.55,3,,2,76.0,0,1,99,11,0.85,0
443,45,Male,IT,Mid,15.5,61,75799,0.35,1,4.0,6,58.0,0,0,81,4,0.95,1
444,56,Female,HR,Mid,3.7,9,38878,0.45,2,5.0,2,10.0,1,0,60,11,0.36,1
445,56,Female,Data,Mid,1.8,6,64760,0.57,5,1.0,6,0.0,1,1,55,9,0.52,1
446,57,Male,Marketing,Senior,0.4,35,52559,0.4,2,5.0,6,12.0,0,1,65,11,0.78,1
447,39,Male,Marketing,Senior,3.5,39,71546,0.72,4,3.0,6,29.0,1,0,55,5,0.56,0
448,53,Female,Finance,Lead,7.9,22,31771,0.43,4,2.0,6,68.0,0,0,57,3,0.99,1
449,45,Female,Marketing,Lead,6.1,41,41526,0.25,1,3.0,6,17.0,0,0,34,3,0.46,1
450,44,Female,Data,Senior,0.3,5,54896,0.71,4,2.0,5,77.0,0,0,47,13,0.71,1
451,53,Male,Data,Junior,0.4,42,56923,0.64,2,5.0,7,12.0,1,0,44,12,0.79,1
452,58,Female,Marketing,Senior,2.6,87,76913,0.91,3,4.0,7,31.0,0,1,86,8,0.49,0
453,33,Male,Data,Mid,1.7,81,61203,0.59,2,5.0,9,70.0,0,0,34,9,0.86,1
454,34,Female,Finance,Senior,1.3,76,64390,0.7,1,1.0,5,71.0,1,0,66,11,0.55,1
455,44,Male,IT,Mid,1.6,87,37852,0.83,4,5.0,4,49.0,0,0,51,8,0.41,0
456,46,Female,Finance,Lead,8.1,80,72574,0.4,3,2.0,7,70.0,0,0,81,7,0.11,1
457,56,Female,Finance,Junior,13.2,67,68391,0.35,5,3.0,5,79.0,0,0,44,4,0.39,0
458,51,Female,Data,Lead,2.6,30,88155,0.26,3,4.0,5,30.0,0,0,46,4,0.73,1
459,38,Female,IT,Mid,11.8,57,81221,0.35,3,5.0,4,50.0,0,0,80,10,0.92,0
460,41,Female,Data,Mid,1.9,86,78664,0.54,2,5.0,9,26.0,0,0,74,3,0.25,1
461,46,Male,HR,Mid,3.2,73,26848,0.13,5,3.0,5,59.0,1,0,92,10,0.36,1
462,43,Female,Data,Junior,1.3,29,56027,0.77,1,4.0,6,32.0,0,0,57,13,0.15,1
463,34,Female,Data,Senior,5.1,37,60464,0.56,1,5.0,0,52.0,0,0,88,12,0.69,1
464,40,Female,Data,Lead,19.3,87,59485,0.35,3,5.0,6,71.0,0,0,50,13,0.96,0
465,57,Male,IT,Lead,4.6,13,87830,0.56,3,2.0,8,32.0,1,1,71,9,0.64,1
466,33,Female,Data,Senior,2.2,32,44456,0.48,4,2.0,4,40.0,1,0,98,9,0.62,1
467,40,Male,IT,Lead,5.2,46,34259,0.34,5,1.0,6,18.0,0,0,46,7,0.55,1
468,33,Female,Marketing,Junior,0.7,23,60554,0.53,3,3.0,3,40.0,0,0,97,5,0.09,0
469,30,Female,HR,Lead,11.0,45,71922,0.38,4,4.0,3,41.0,1,1,36,9,0.73,0
470,28,Male,IT,Mid,3.5,17,38409,0.82,5,,7,22.0,1,0,69,9,0.6,0
471,49,Female,Marketing,Senior,3.0,85,28791,0.85,1,5.0,4,74.0,0,0,69,9,0.66,1
472,35,Male,IT,Junior,4.4,66,50864,0.49,4,1.0,2,32.0,0,0,72,14,0.9,1
473,52,Male,IT,Senior,4.9,6,61639,0.52,5,5.0,1,19.0,0,0,80,13,0.78,0
474,40,Female,HR,Junior,0.4,18,59574,0.82,4,3.0,7,24.0,0,0,52,4,0.78,0
475,37,Male,Finance,Mid,5.7,94,88627,0.26,3,,2,51.0,1,0,61,5,0.93,1
476,26,Female,Finance,Senior,1.4,22,42888,0.45,2,3.0,5,11.0,0,1,60,5,0.99,1
477,56,Female,IT,Lead,6.3,33,44692,0.58,1,1.0,6,31.0,0,0,46,6,0.58,1
478,33,Male,Data,Junior,8.6,30,48501,0.5,3,5.0,7,32.0,0,0,87,14,0.11,0
479,46,Male,Marketing,Senior,8.1,81,38304,0.76,3,1.0,5,73.0,0,0,64,11,0.46,1
480,42,Male,Data,Lead,4.0,32,79200,0.11,5,2.0,5,67.0,0,1,59,12,0.79,1
481,57,Male,Data,Senior,3.7,42,52527,0.96,4,4.0,8,14.0,0,0,93,3,0.03,0
482,44,Female,IT,Senior,0.8,78,82415,0.23,1,5.0,5,50.0,0,0,82,14,0.06,1
483,37,Female,IT,Senior,7.5,10,43074,0.66,3,4.0,6,5.0,0,0,80,9,0.07,0
484,35,Male,IT,Junior,1.6,36,40549,0.44,5,5.0,3,68.0,0,0,66,9,0.73,0
485,52,Female,IT,Lead,3.4,34,54963,0.43,1,4.0,9,68.0,1,1,35,13,0.5,1
486,26,Female,Finance,Mid,1.7,73,50920,0.39,4,2.0,5,34.0,1,1,63,6,0.37,1
487,56,Female,IT,Junior,0.7,28,55826,0.24,3,4.0,5,33.0,0,0,85,13,0.11,1
488,44,Female,Finance,Junior,5.0,11,61071,0.45,3,1.0,7,62.0,1,0,54,3,0.73,1
489,50,Male,Finance,Junior,0.3,78,77265,0.43,3,4.0,4,67.0,0,0,42,5,0.32,0
490,32,Male,IT,Mid,6.9,39,41061,0.81,1,5.0,6,17.0,0,0,92,7,0.27,1
491,39,Female,HR,Lead,1.9,47,83226,0.83,1,3.0,4,25.0,1,0,95,14,0.65,1
492,33,Male,Marketing,Lead,0.0,19,53810,0.08,1,4.0,5,60.0,0,0,34,4,0.56,1
493,30,Male,Data,Lead,3.6,15,85006,0.67,1,4.0,6,77.0,0,0,40,9,0.36,1
494,31,Male,Finance,Senior,0.2,28,82002,0.48,5,4.0,2,73.0,1,1,73,12,0.64,0
495,38,Female,Marketing,Senior,1.6,24,72966,0.65,2,5.0,9,47.0,1,0,98,12,0.27,1
496,59,Female,HR,Senior,6.1,72,47800,0.01,5,4.0,2,71.0,0,1,31,9,0.79,1
497,28,Female,Data,Mid,0.3,9,75656,0.19,3,5.0,5,30.0,1,1,69,14,0.23,1
498,34,Male,Data,Senior,9.1,47,68423,0.5,5,5.0,5,33.0,0,0,66,12,0.16,0
499,30,Female,Finance,Mid,0.0,33,84897,0.73,4,3.0,2,6.0,0,0,78,7,0.78,0
500,48,Female,IT,Lead,1.4,62,66692,0.41,1,1.0,5,6.0,0,1,65,14,0.71,1
501,23,Male,HR,Senior,6.8,97,34940,0.56,4,5.0,10,46.0,0,1,99,12,0.18,0
502,26,Female,Finance,Senior,1.9,19,28924,0.77,4,2.0,2,7.0,0,0,63,8,0.12,1
503,50,Female,HR,Junior,0.5,67,82767,0.32,3,4.0,4,77.0,0,0,87,3,0.84,0
504,58,Male,IT,Mid,2.2,74,53054,0.11,1,2.0,6,0.0,0,0,66,6,0.78,1
505,59,Male,IT,Lead,1.6,40,34783,0.37,4,4.0,7,76.0,0,1,89,6,0.33,0
506,40,Male,Finance,Junior,9.2,47,62253,0.79,3,3.0,7,2.0,0,1,41,13,0.66,0
507,29,Female,IT,Junior,1.9,65,70397,0.53,1,5.0,3,52.0,0,1,61,10,0.12,1
508,22,Female,Marketing,Lead,7.8,29,38233,0.49,2,1.0,6,37.0,1,1,33,4,0.51,1
509,43,Female,Data,Junior,11.1,50,70669,0.81,3,5.0,9,50.0,0,0,62,3,0.02,0
510,38,Male,Finance,Mid,2.8,98,49484,0.54,5,4.0,6,14.0,0,0,72,9,0.39,0
511,28,Male,HR,Mid,12.0,13,50068,0.41,1,1.0,8,66.0,0,0,38,8,0.07,1
512,46,Female,Marketing,Senior,2.4,1,25191,0.67,4,5.0,7,63.0,1,0,80,7,0.48,0
513,25,Female,Finance,Junior,16.6,34,50074,0.51,4,1.0,4,67.0,0,0,49,14,0.42,1
514,57,Male,IT,Senior,0.5,93,29917,0.53,5,4.0,3,,0,1,68,10,0.44,0
515,27,Male,IT,Junior,5.8,48,63599,0.22,5,3.0,10,9.0,0,1,52,13,0.05,1
516,52,Male,IT,Mid,3.4,77,50832,0.77,4,3.0,4,7.0,0,0,70,4,0.36,0
517,40,Male,IT,Mid,2.5,48,67928,0.51,1,5.0,3,11.0,0,0,73,4,0.76,1
518,48,Female,HR,Mid,5.0,49,45706,0.38,3,2.0,10,63.0,0,0,64,11,0.37,1
519,31,Male,Marketing,Junior,6.1,64,38682,0.55,5,4.0,12,58.0,1,0,52,3,0.72,1
520,47,Female,Data,Mid,0.0,61,51762,0.53,5,5.0,2,66.0,0,0,87,8,0.37,0
521,40,Female,HR,Junior,0.9,29,48383,0.98,5,5.0,3,49.0,1,0,77,5,0.42,0
522,24,Female,HR,Senior,6.2,39,83160,0.34,2,3.0,2,22.0,1,1,87,7,0.56,1
523,34,Male,Data,Junior,5.5,88,52796,0.58,1,1.0,8,39.0,1,0,86,10,0.95,1
524,49,Male,Data,Senior,16.9,26,48666,0.32,1,4.0,3,77.0,1,1,68,9,0.11,1
525,41,Male,IT,Junior,7.2,17,83817,0.52,1,1.0,7,76.0,1,0,57,14,0.03,1
526,49,Male,HR,Senior,15.1,71,50662,0.36,1,4.0,5,75.0,0,0,93,6,0.61,1
527,29,Female,Finance,Mid,6.1,13,70159,0.56,1,2.0,6,17.0,0,0,91,10,0.95,1
528,22,Male,Data,Senior,1.8,69,59642,0.39,4,3.0,2,,0,1,91,13,0.99,0
529,24,Male,Data,Mid,0.6,26,66830,0.68,5,2.0,4,0.0,1,1,55,13,0.48,1
530,34,Female,Marketing,Mid,7.6,49,62531,0.81,4,5.0,9,37.0,0,0,80,12,0.47,0
531,49,Male,Finance,Senior,5.2,67,35234,0.31,2,3.0,7,40.0,0,1,79,13,0.64,1
532,46,Female,Finance,Junior,0.2,7,82616,0.86,3,5.0,4,41.0,0,0,65,4,0.56,0
533,54,Female,Data,Junior,2.2,58,34221,0.54,5,2.0,3,8.0,1,0,55,9,0.63,1
534,59,Female,IT,Lead,15.7,49,36410,0.43,2,4.0,1,22.0,1,0,62,7,0.87,1
535,27,Female,Marketing,Junior,3.5,53,39519,0.77,4,5.0,5,77.0,0,1,97,13,0.75,0
536,53,Female,Finance,Lead,2.8,65,86413,0.82,3,1.0,2,10.0,0,0,37,8,0.5,1
537,42,Female,Data,Junior,3.1,62,26051,0.52,2,4.0,7,70.0,0,0,95,5,0.46,1
538,37,Female,Finance,Junior,1.2,17,69993,0.66,3,4.0,6,30.0,0,0,52,13,0.64,0
539,42,Female,Marketing,Mid,2.3,43,34765,0.57,2,2.0,4,25.0,0,0,99,12,0.46,1
540,32,Male,Marketing,Lead,2.3,25,36382,0.31,4,2.0,6,,0,1,84,9,0.46,1
541,58,Male,HR,Junior,0.3,3,37580,0.67,3,3.0,4,,1,0,72,9,0.02,0
542,57,Male,Data,Lead,7.3,79,81690,0.3,2,3.0,4,45.0,0,0,50,4,0.17,1
543,56,Male,Marketing,Mid,2.7,29,81563,0.51,4,1.0,5,68.0,0,0,51,3,0.49,1
544,40,Female,HR,Mid,8.6,32,57323,0.7,5,4.0,4,4.0,1,1,38,12,0.82,0
545,41,Male,HR,Lead,9.5,26,69757,0.76,4,1.0,6,60.0,0,0,63,4,0.28,1
546,39,Female,Finance,Mid,1.2,16,85633,0.58,4,1.0,9,37.0,0,0,88,14,0.52,1
547,35,Male,Finance,Senior,5.4,25,80472,0.56,5,2.0,4,27.0,0,0,55,10,0.34,1
548,36,Male,HR,Senior,3.2,54,89810,0.66,4,1.0,3,25.0,1,1,30,13,0.1,1
549,52,Male,Finance,Mid,10.6,28,36939,0.58,5,1.0,6,60.0,0,0,34,12,0.96,1
550,22,Female,Marketing,Senior,1.2,73,76257,0.63,5,,5,22.0,0,0,70,5,0.85,0
551,24,Male,IT,Junior,5.7,56,54964,0.67,5,3.0,6,45.0,1,1,92,13,0.08,0
552,37,Female,Marketing,Lead,4.7,65,25307,0.23,2,3.0,2,29.0,1,0,51,6,0.72,1
553,44,Female,HR,Junior,1.7,93,81889,0.34,3,4.0,3,66.0,0,0,97,10,0.35,0
554,32,Male,HR,Lead,0.7,86,28359,0.17,2,3.0,1,32.0,1,0,77,5,0.99,1
555,33,Male,Marketing,Mid,5.3,80,54648,0.41,5,4.0,5,2.0,1,0,95,8,0.3,0
556,31,Male,Finance,Junior,6.7,41,60944,0.78,3,5.0,7,68.0,1,0,45,4,0.24,0
557,53,Female,Finance,Mid,1.9,51,59019,0.67,3,,3,41.0,1,1,82,5,0.57,0
558,37,Male,HR,Mid,5.2,71,63134,0.69,5,5.0,3,61.0,0,0,94,3,0.84,0
559,29,Female,Data,Lead,2.5,78,52323,0.23,3,3.0,8,57.0,0,0,93,11,0.19,1
560,59,Female,Finance,Lead,6.2,29,75669,0.69,3,3.0,3,56.0,0,1,97,6,0.71,0
561,33,Male,Marketing,Lead,1.1,83,31226,0.46,2,5.0,1,0.0,0,1,92,8,0.06,1
562,45,Male,Finance,Junior,11.0,19,46689,0.63,3,1.0,5,72.0,1,0,91,9,0.92,1
563,49,Female,Marketing,Senior,1.7,66,55971,0.31,5,1.0,12,59.0,1,0,74,4,0.08,1
564,29,Female,HR,Lead,2.3,41,50954,0.22,1,1.0,4,68.0,0,0,81,10,0.91,1
565,49,Female,Finance,Lead,0.3,45,80021,0.73,1,1.0,6,58.0,0,0,94,14,0.49,1
566,57,Male,Marketing,Junior,0.6,15,49423,0.81,1,3.0,3,45.0,0,0,31,11,0.45,1
567,47,Female,HR,Lead,3.6,3,55391,0.12,5,2.0,6,33.0,0,0,78,12,0.97,1
568,29,Male,Data,Junior,1.6,11,39330,0.37,1,5.0,8,24.0,1,0,51,13,0.99,1
569,49,Female,Marketing,Mid,9.0,53,29891,0.1,2,2.0,7,41.0,0,0,58,4,0.65,1
570,49,Female,Data,Lead,0.1,46,29992,0.67,5,2.0,5,28.0,0,0,64,7,0.13,1
571,58,Male,Data,Lead,2.4,30,26961,0.32,5,4.0,3,24.0,0,0,53,4,0.51,0
572,57,Female,IT,Mid,2.1,57,37497,0.36,5,1.0,5,53.0,0,0,59,13,0.53,1
573,48,Male,Finance,Mid,0.1,18,77015,0.78,3,3.0,11,72.0,1,0,71,7,0.51,1
574,38,Male,Marketing,Mid,0.7,51,57551,0.15,3,1.0,3,66.0,0,0,79,9,0.57,1
575,30,Female,Data,Lead,2.7,48,35848,0.17,3,1.0,16,14.0,1,0,89,8,0.02,1
576,54,Male,IT,Senior,3.4,66,84838,0.7,4,2.0,5,3.0,0,0,59,6,0.71,1
577,41,Male,HR,Senior,2.6,96,80755,0.08,2,4.0,0,37.0,0,1,41,4,0.71,1
578,34,Female,Marketing,Senior,3.8,8,38255,0.24,5,1.0,5,19.0,0,0,78,9,0.12,1
579,49,Male,Data,Lead,4.5,22,29567,0.64,5,5.0,5,22.0,1,0,75,14,0.57,0
580,50,Male,Finance,Mid,0.0,6,73847,0.11,3,5.0,3,36.0,0,0,72,12,0.57,1
581,34,Male,IT,Lead,3.1,76,64281,0.49,5,1.0,1,61.0,0,0,31,11,0.68,1
582,56,Female,Data,Mid,16.6,57,73003,0.61,5,2.0,4,7.0,0,0,83,3,0.09,1
583,27,Male,Finance,Lead,3.7,36,45389,0.59,1,2.0,5,,0,0,64,5,0.63,1
584,39,Female,Data,Lead,5.7,79,69523,0.43,5,3.0,2,44.0,0,0,81,9,0.28,0
585,26,Female,Marketing,Mid,1.9,92,83266,0.34,4,4.0,4,32.0,0,0,62,11,0.51,0
586,46,Male,Marketing,Senior,7.4,57,86576,0.63,3,2.0,7,6.0,0,1,80,7,0.77,1
587,23,Male,Marketing,Mid,7.4,49,86806,0.44,2,,4,21.0,0,0,55,9,0.71,1
588,31,Male,IT,Junior,3.7,45,68919,0.37,2,5.0,6,4.0,0,0,91,12,0.12,1
589,51,Female,Marketing,Junior,18.7,82,41567,0.78,1,5.0,6,,0,0,90,9,0.59,1
590,26,Male,Finance,Mid,0.7,66,81907,0.39,2,5.0,7,20.0,1,1,55,6,0.97,1
591,54,Male,Data,Lead,0.1,77,28358,0.12,2,,8,16.0,0,1,66,7,0.16,1
592,22,Male,HR,Junior,7.4,45,47999,0.83,3,4.0,4,55.0,1,0,59,4,0.85,0
593,39,Male,Finance,Junior,8.2,79,67358,0.84,3,3.0,6,49.0,0,0,40,10,0.7,0
594,53,Male,Finance,Lead,0.6,20,80949,0.88,4,4.0,5,6.0,1,0,82,14,0.77,0
595,32,Female,Marketing,Lead,1.5,64,35988,0.35,1,1.0,6,,0,0,70,3,0.28,1
596,42,Female,IT,Senior,0.1,93,82880,0.98,2,,4,59.0,0,0,34,4,0.29,1
597,47,Male,Data,Lead,1.7,93,65446,0.72,4,3.0,2,6.0,1,0,95,14,0.91,0
598,46,Male,IT,Mid,7.4,67,56521,0.2,1,2.0,2,39.0,1,1,42,5,0.36,1
599,43,Male,Data,Mid,3.6,83,30698,0.68,2,4.0,10,44.0,1,0,92,9,0.06,1
600,48,Male,Data,Senior,2.1,3,26273,0.97,2,4.0,2,58.0,1,1,54,8,0.6,1
601,34,Female,IT,Junior,2.3,54,52543,0.76,3,2.0,4,74.0,0,0,73,9,0.12,1
602,54,Male,Finance,Junior,0.0,78,80805,0.66,5,5.0,8,54.0,0,0,43,13,0.8,0
603,55,Female,Data,Lead,1.8,64,56349,0.36,1,,3,63.0,0,0,98,7,0.64,1
604,56,Female,IT,Mid,5.2,40,36241,0.72,2,4.0,12,64.0,1,0,88,6,0.87,1
605,22,Male,Data,Junior,18.3,59,75248,0.15,1,2.0,2,53.0,0,0,85,9,0.78,1
606,42,Female,HR,Senior,9.4,55,34497,0.27,4,3.0,3,39.0,1,0,81,5,0.11,1
607,27,Female,Finance,Senior,0.1,62,66875,0.17,4,2.0,7,52.0,0,1,95,12,0.38,1
608,49,Female,Marketing,Mid,11.4,4,57703,0.55,5,5.0,3,43.0,0,0,97,9,0.77,0
609,38,Female,Data,Senior,7.6,60,89871,0.63,2,1.0,6,62.0,0,0,41,4,0.42,1
610,26,Male,HR,Senior,7.6,75,69041,0.62,3,5.0,4,1.0,0,0,97,14,0.97,0
611,52,Male,Marketing,Mid,3.1,95,56954,0.19,2,3.0,4,78.0,1,1,72,14,0.74,1
612,26,Female,Marketing,Lead,2.5,96,33002,0.16,1,3.0,0,20.0,0,0,35,10,0.02,1
613,59,Male,Data,Lead,1.8,91,29247,0.54,4,3.0,9,49.0,1,0,44,14,0.88,0
614,24,Male,IT,Senior,0.3,30,66988,0.49,1,3.0,5,51.0,1,0,71,8,0.1,1
615,44,Male,Data,Lead,1.3,2,46698,0.36,5,2.0,1,8.0,0,0,60,14,0.14,1
616,58,Male,HR,Lead,1.4,62,84321,0.6,4,3.0,5,19.0,1,1,82,5,0.73,0
617,58,Male,Marketing,Senior,3.3,49,44738,0.12,3,3.0,3,17.0,0,0,35,5,0.86,1
618,31,Female,Data,Lead,6.9,9,35703,0.88,4,2.0,3,29.0,0,0,62,7,0.54,1
619,31,Male,IT,Senior,3.2,92,73240,0.89,2,3.0,7,64.0,0,0,58,5,0.29,1
620,40,Male,Data,Junior,0.3,31,74422,0.56,2,5.0,9,23.0,0,0,50,8,0.35,1
621,38,Male,Finance,Mid,15.8,98,42570,0.54,4,5.0,5,46.0,0,0,83,4,0.34,0
622,42,Male,IT,Mid,14.3,61,86899,0.61,5,4.0,5,43.0,1,0,85,10,0.33,0
623,35,Female,HR,Lead,7.7,79,37392,0.68,2,5.0,4,28.0,0,0,50,13,0.24,1
624,30,Female,Marketing,Lead,23.7,48,69724,0.35,2,1.0,2,76.0,0,0,84,14,0.61,1
625,22,Female,Data,Lead,3.9,25,57299,0.21,3,1.0,6,67.0,0,0,87,13,0.9,1
626,34,Female,IT,Mid,16.5,36,40641,0.53,4,1.0,8,16.0,0,0,93,11,0.31,1
627,25,Male,Finance,Junior,0.4,8,38998,0.24,2,2.0,6,4.0,1,0,75,9,0.19,1
628,22,Female,IT,Junior,2.3,73,31305,0.54,5,5.0,4,49.0,1,1,51,5,0.84,0
629,53,Male,Finance,Mid,1.3,58,57726,0.65,1,1.0,7,,0,1,89,13,0.74,1
630,55,Male,HR,Junior,1.1,45,43782,0.53,4,4.0,7,45.0,1,0,40,12,0.93,0
631,49,Male,Marketing,Mid,0.8,62,37721,0.31,3,2.0,5,50.0,0,0,76,6,0.17,1
632,52,Male,HR,Junior,4.9,39,64763,0.72,2,4.0,6,10.0,0,0,60,14,0.14,1
633,29,Male,Data,Senior,7.6,96,37427,0.64,5,5.0,5,11.0,0,1,47,12,0.54,0
634,47,Female,IT,Senior,4.3,58,71550,0.39,4,3.0,5,12.0,0,1,51,4,0.61,0
635,55,Female,Finance,Mid,0.8,81,81451,0.36,5,4.0,8,63.0,1,0,85,11,0.48,0
636,24,Female,Finance,Junior,8.3,99,45566,0.85,5,3.0,7,7.0,0,0,46,7,0.6,0
637,33,Female,IT,Lead,5.1,83,84055,0.41,3,2.0,4,64.0,0,0,67,14,0.18,1
638,22,Male,IT,Junior,2.5,64,27230,0.44,4,,3,8.0,0,0,54,4,0.48,0
639,26,Female,Data,Senior,5.6,44,31511,0.04,2,4.0,6,1.0,0,0,61,12,0.66,1
640,51,Male,HR,Senior,1.5,29,74280,0.65,3,2.0,4,77.0,0,0,44,8,0.43,1
641,51,Female,Finance,Junior,2.1,59,67229,0.85,2,2.0,8,12.0,0,1,42,9,0.68,1
642,38,Male,Data,Junior,12.5,71,77824,0.49,1,1.0,4,1.0,1,0,87,4,0.45,1
643,44,Male,HR,Lead,1.7,92,51177,0.09,5,5.0,4,67.0,1,0,79,3,0.33,1
644,36,Female,Data,Lead,3.2,9,29765,0.34,1,4.0,12,75.0,0,0,40,9,0.3,1
645,58,Male,Finance,Junior,11.0,92,45354,0.61,5,4.0,3,47.0,1,0,42,3,0.41,0
646,42,Male,IT,Junior,6.2,6,48929,0.65,3,2.0,4,73.0,0,1,79,5,0.02,1
647,35,Female,IT,Junior,0.3,29,53820,0.5,2,2.0,4,2.0,0,0,67,6,0.67,1
648,23,Male,HR,Junior,0.8,58,71040,0.22,2,5.0,4,67.0,0,0,30,4,0.85,1
649,32,Female,Marketing,Mid,0.0,17,54523,0.71,3,2.0,3,5.0,0,0,68,9,0.35,1
650,59,Female,HR,Junior,5.0,16,30552,0.36,4,3.0,3,4.0,1,0,56,7,0.05,0
651,55,Female,Marketing,Lead,3.0,87,25627,0.14,1,3.0,6,2.0,0,0,65,3,0.99,1
652,59,Male,Data,Senior,0.7,95,36989,0.52,1,3.0,6,9.0,1,1,61,14,0.26,1
653,55,Male,Data,Mid,15.8,3,38780,0.26,2,3.0,5,42.0,0,0,70,14,0.13,1
654,39,Male,Finance,Junior,3.8,21,31589,0.28,2,5.0,6,18.0,0,0,44,10,0.37,1
655,51,Female,Marketing,Senior,1.4,64,59812,0.28,2,4.0,4,13.0,1,1,60,12,0.74,1
656,36,Male,Finance,Mid,3.5,90,53128,0.33,3,3.0,6,20.0,0,0,35,9,0.29,0
657,48,Female,IT,Senior,5.7,36,70939,0.48,4,2.0,5,,0,0,81,6,0.57,1
658,55,Female,Marketing,Junior,0.4,86,76493,0.41,1,3.0,4,27.0,0,0,51,4,0.42,1
659,59,Male,HR,Junior,1.6,62,63652,0.17,5,5.0,3,20.0,0,0,60,9,0.12,1
660,54,Female,IT,Lead,8.2,42,52790,0.23,3,2.0,3,35.0,1,1,75,13,0.33,1
661,45,Male,IT,Junior,3.1,76,65953,0.68,1,3.0,5,23.0,0,0,96,4,0.72,1
662,36,Male,HR,Junior,4.0,42,25249,0.29,4,4.0,2,53.0,0,0,72,8,0.61,1
663,51,Male,IT,Mid,2.8,61,44309,0.71,3,2.0,3,37.0,1,0,30,3,0.12,1
664,38,Male,Marketing,Lead,0.2,13,79195,0.3,1,2.0,3,16.0,0,0,73,9,0.16,1
665,26,Male,Finance,Mid,0.9,11,75126,0.4,3,4.0,3,21.0,0,0,86,9,0.64,0
666,50,Female,IT,Senior,2.9,54,50901,0.37,1,2.0,8,44.0,0,0,38,14,0.81,1
667,25,Female,Marketing,Junior,1.2,16,48576,0.1,1,3.0,3,73.0,0,1,34,6,0.35,1
668,31,Female,Data,Senior,0.3,8,56508,0.29,4,2.0,4,60.0,0,0,38,6,0.6,1
669,38,Male,Marketing,Mid,9.3,59,34175,0.61,5,3.0,9,10.0,0,0,74,12,0.17,0
670,31,Male,Finance,Junior,19.9,57,50464,0.11,4,4.0,5,60.0,1,0,53,7,0.31,1
671,38,Male,Marketing,Junior,7.9,40,85281,0.41,1,1.0,5,37.0,0,0,71,4,0.02,1
672,41,Female,HR,Mid,9.6,59,41260,0.62,3,4.0,4,65.0,0,0,51,11,0.77,0
673,45,Male,Finance,Mid,1.4,2,84461,0.81,4,3.0,4,32.0,0,0,89,12,0.4,0
674,26,Female,Data,Mid,16.2,94,60440,0.47,5,5.0,1,42.0,0,0,66,6,0.82,0
675,55,Female,HR,Mid,1.1,94,54546,0.25,1,4.0,2,30.0,1,0,68,13,0.71,1
676,27,Male,Marketing,Mid,15.1,76,65047,0.68,4,5.0,7,34.0,0,0,82,11,0.83,0
677,23,Male,Finance,Junior,26.3,10,81683,0.66,4,5.0,4,36.0,0,0,57,5,0.29,0
678,34,Female,Data,Mid,6.2,44,83670,0.29,4,3.0,5,46.0,0,0,44,11,0.19,1
679,32,Male,HR,Junior,19.9,11,66430,0.27,4,3.0,6,22.0,0,1,89,3,0.97,1
680,44,Female,Data,Junior,4.2,79,26987,0.62,3,1.0,6,35.0,0,0,89,9,0.72,1
681,37,Male,Marketing,Mid,1.5,80,74242,0.66,5,2.0,6,39.0,0,1,35,6,0.83,1
682,52,Male,Data,Mid,2.9,81,50105,0.23,5,4.0,5,14.0,0,0,81,9,0.01,1
683,32,Female,IT,Lead,4.5,90,37948,0.88,1,3.0,7,36.0,0,1,41,12,0.35,1
684,37,Male,HR,Junior,0.4,2,78211,0.23,2,4.0,7,3.0,0,0,48,8,0.74,1
685,29,Female,Data,Mid,4.9,50,38026,0.86,3,5.0,5,21.0,0,0,31,6,0.08,0
686,25,Male,Marketing,Mid,19.9,12,27773,0.19,1,2.0,3,21.0,0,1,84,6,0.57,1
687,25,Female,Marketing,Mid,1.1,90,70927,0.43,1,,10,77.0,1,0,44,10,0.43,1
688,46,Female,Data,Lead,7.9,23,34878,0.69,4,4.0,3,77.0,0,0,93,9,0.02,0
689,24,Male,Marketing,Lead,11.9,18,82535,0.3,2,,8,16.0,1,1,98,6,0.24,1
690,53,Female,Finance,Senior,14.4,62,67946,0.17,2,1.0,4,71.0,0,0,44,13,0.28,1
691,24,Male,Finance,Junior,16.1,96,85967,0.49,3,4.0,3,79.0,1,0,72,8,0.11,0
692,48,Male,Finance,Senior,3.7,62,81561,0.62,2,2.0,7,79.0,0,0,46,8,0.63,1
693,50,Male,IT,Mid,18.9,38,35377,0.15,1,3.0,5,37.0,0,0,53,3,0.24,1
694,53,Female,Data,Lead,7.1,67,78592,0.1,2,4.0,7,23.0,0,0,59,4,0.28,1
695,40,Female,IT,Lead,0.9,38,32347,0.41,2,2.0,10,5.0,0,1,96,6,0.9,1
696,42,Male,Marketing,Senior,3.2,67,58776,0.52,5,1.0,2,67.0,0,0,80,8,0.47,1
697,26,Male,IT,Lead,6.3,94,28783,0.64,1,2.0,6,5.0,0,0,89,8,0.39,1
698,39,Female,Marketing,Mid,1.4,61,80798,0.78,2,3.0,3,25.0,0,0,32,3,0.72,1
699,49,Male,Marketing,Lead,5.1,1,29298,0.32,2,4.0,6,40.0,0,1,34,10,0.91,1
700,43,Male,HR,Senior,5.5,94,29668,0.21,4,4.0,5,74.0,0,0,57,4,0.03,1
701,42,Female,Finance,Mid,0.9,45,45671,0.39,2,4.0,3,37.0,0,1,40,7,0.45,1
702,27,Male,Marketing,Senior,4.2,96,59820,0.35,2,3.0,6,79.0,0,0,44,6,0.61,1
703,22,Female,HR,Lead,7.4,28,80161,0.83,5,1.0,4,42.0,0,1,77,7,0.32,1
704,26,Male,Finance,Senior,3.5,21,85652,0.04,1,4.0,6,52.0,0,0,75,7,0.77,1
705,33,Female,Marketing,Senior,0.1,13,59484,0.82,3,1.0,3,14.0,0,0,57,12,0.97,1
706,47,Male,Marketing,Junior,0.0,27,58078,0.55,1,2.0,3,55.0,0,0,36,10,0.94,1
707,55,Male,IT,Lead,2.2,7,89036,0.74,4,1.0,5,55.0,0,0,35,12,0.27,1
708,35,Female,IT,Lead,13.0,22,72159,0.75,1,1.0,7,30.0,1,0,87,9,0.23,1
709,47,Male,Finance,Senior,1.3,74,45922,0.23,2,4.0,4,56.0,0,0,97,14,0.96,1
710,48,Female,Marketing,Junior,5.0,53,59028,0.45,4,5.0,9,50.0,1,0,84,11,0.46,0
711,30,Male,Data,Lead,1.3,79,70925,0.61,1,5.0,3,23.0,0,0,96,14,0.21,1
712,47,Female,IT,Mid,1.9,79,45316,0.21,4,3.0,8,57.0,1,0,78,13,0.71,1
713,43,Female,Finance,Senior,9.4,4,36460,0.59,3,3.0,4,72.0,1,0,80,3,0.28,0
714,51,Female,Marketing,Lead,6.5,96,41968,0.79,1,5.0,5,3.0,0,1,88,8,0.27,1
715,38,Female,Marketing,Mid,0.5,23,55266,0.28,2,2.0,8,9.0,0,1,35,8,0.88,1
716,47,Male,Data,Lead,2.8,70,85143,0.74,4,4.0,5,62.0,0,0,80,4,0.16,0
717,57,Male,Finance,Mid,0.1,88,55209,0.67,5,4.0,5,72.0,0,0,67,13,0.06,0
718,22,Female,Marketing,Senior,3.3,84,49000,0.58,4,2.0,4,14.0,1,0,40,10,0.27,1
719,29,Female,IT,Lead,5.4,84,82703,0.67,5,,5,62.0,1,0,81,8,0.61,1
720,56,Female,Data,Lead,0.6,76,39011,0.79,2,5.0,6,18.0,1,0,49,13,0.12,1
721,36,Male,Finance,Junior,1.7,33,27866,0.57,3,3.0,5,62.0,1,0,39,12,0.47,0
722,43,Male,Data,Senior,2.5,28,72133,0.24,5,2.0,6,55.0,1,0,55,11,0.63,1
723,35,Male,IT,Mid,12.6,8,30898,0.42,3,3.0,7,20.0,0,1,77,12,0.85,0
724,47,Male,Finance,Lead,25.0,1,43395,0.48,4,1.0,4,33.0,0,0,43,7,0.23,1
725,49,Female,Data,Lead,0.2,37,64019,0.37,2,4.0,6,16.0,0,0,88,9,0.82,1
726,44,Female,HR,Mid,7.2,63,62707,0.64,5,5.0,3,17.0,0,0,41,8,0.23,0
727,35,Female,IT,Senior,2.3,22,29006,0.63,4,4.0,4,65.0,0,0,52,13,0.68,0
728,45,Male,IT,Junior,2.5,70,59393,0.34,1,5.0,7,50.0,0,0,68,7,0.43,1
729,23,Male,IT,Junior,7.0,21,35956,0.79,4,1.0,6,64.0,0,0,38,8,0.11,1
730,47,Male,HR,Lead,12.5,96,75042,0.23,3,4.0,2,42.0,0,1,54,6,0.71,1
731,35,Female,HR,Mid,15.1,35,55663,0.75,2,1.0,7,56.0,1,0,46,5,0.22,1
732,28,Female,Marketing,Lead,4.3,79,31078,0.68,2,5.0,8,9.0,0,1,71,3,0.18,1
733,24,Male,Data,Mid,2.2,5,54631,0.67,4,2.0,3,36.0,0,0,58,3,0.36,1
734,44,Female,Marketing,Junior,7.7,60,55140,0.51,1,4.0,7,47.0,1,0,89,8,0.65,1
735,39,Male,Data,Senior,1.4,46,81188,0.48,3,1.0,6,68.0,0,1,96,11,0.23,1
736,59,Male,HR,Mid,4.2,50,87901,0.81,4,4.0,9,55.0,0,0,86,10,0.18,0
737,56,Female,HR,Junior,2.2,48,66691,0.58,4,4.0,5,75.0,0,0,43,14,0.01,0
738,36,Male,Marketing,Lead,5.3,6,28961,0.56,2,4.0,6,35.0,0,1,68,4,0.47,1
739,46,Female,Finance,Mid,1.4,89,54277,0.35,3,3.0,4,30.0,1,0,45,11,0.43,0
740,58,Male,Marketing,Senior,1.1,56,76656,0.44,1,1.0,4,54.0,0,0,47,10,0.23,1
741,49,Female,Data,Lead,12.5,59,66574,0.49,2,1.0,6,37.0,0,1,49,14,0.05,1
742,31,Female,Marketing,Lead,0.5,29,77958,0.33,4,4.0,4,72.0,0,0,75,11,0.43,0
743,38,Female,IT,Junior,3.5,71,56417,0.49,2,2.0,5,14.0,1,0,74,6,0.79,1
744,43,Male,Data,Mid,1.2,77,47484,0.79,2,4.0,2,15.0,0,0,33,11,0.72,1
745,47,Male,Data,Lead,0.2,18,43103,0.41,5,3.0,4,76.0,1,0,49,4,0.86,0
746,46,Female,Finance,Senior,0.2,2,54345,0.32,2,5.0,5,52.0,0,0,40,3,0.01,1
747,38,Female,HR,Mid,1.0,8,71326,0.51,2,3.0,6,55.0,1,1,94,11,0.97,1
748,34,Male,Data,Senior,10.1,75,64454,0.74,3,2.0,5,6.0,1,0,47,12,0.34,1
749,41,Male,HR,Lead,1.7,97,26587,0.46,2,4.0,8,56.0,1,0,68,10,0.99,1
750,46,Male,Marketing,Senior,15.0,54,81152,0.54,1,1.0,2,54.0,0,1,73,9,0.25,1
751,25,Female,IT,Junior,4.4,38,67571,0.78,4,4.0,3,51.0,1,0,47,10,0.47,0
752,31,Male,Finance,Senior,2.9,48,75048,0.96,3,2.0,6,3.0,0,0,76,14,0.35,1
753,24,Male,HR,Mid,4.3,27,79710,0.56,2,1.0,6,42.0,1,0,60,3,0.36,1
754,39,Female,Data,Senior,3.6,20,82621,0.63,1,3.0,6,,0,0,68,11,0.84,1
755,57,Male,HR,Senior,7.1,12,46031,0.63,4,5.0,3,29.0,0,1,67,14,0.75,0
756,43,Male,Data,Junior,1.7,43,51212,0.49,3,5.0,7,9.0,0,0,76,12,0.99,0
757,55,Male,HR,Senior,2.2,61,35350,0.46,1,4.0,7,6.0,0,0,99,13,0.61,1
758,29,Female,Data,Senior,11.2,31,43816,0.45,2,3.0,3,,0,0,37,11,0.46,1
759,40,Female,Marketing,Lead,14.6,91,45288,0.47,5,2.0,4,34.0,0,0,94,14,0.09,1
760,58,Female,Data,Lead,11.2,96,54432,0.29,5,5.0,2,38.0,0,0,42,13,1.0,1
761,27,Female,Data,Mid,2.7,61,69222,0.79,3,3.0,7,35.0,1,0,84,11,0.55,0
762,47,Female,IT,Lead,7.6,74,73617,0.74,1,4.0,7,19.0,0,0,72,8,0.7,1
763,55,Female,Data,Lead,3.2,67,31837,0.22,4,1.0,7,48.0,0,1,33,6,0.41,1
764,27,Female,IT,Lead,3.4,91,59217,0.54,1,4.0,5,58.0,1,0,89,4,0.55,1
765,58,Male,Finance,Lead,1.1,35,45884,0.64,5,4.0,6,48.0,0,0,41,13,0.94,0
766,54,Male,IT,Junior,4.5,95,30454,0.2,3,3.0,5,25.0,0,1,88,6,0.17,1
767,43,Female,Marketing,Lead,1.0,15,34424,0.28,2,5.0,3,35.0,0,0,83,9,0.29,1
768,42,Male,IT,Junior,2.0,16,61885,0.52,1,,3,42.0,0,0,73,3,0.15,1
769,27,Male,Finance,Junior,9.7,13,66637,0.7,5,1.0,8,42.0,0,1,45,11,0.79,1
770,27,Female,Marketing,Lead,1.2,35,68618,0.42,4,3.0,6,75.0,0,0,35,5,0.06,0
771,25,Male,HR,Senior,0.4,75,43412,0.28,3,2.0,10,32.0,1,0,43,6,0.08,1
772,51,Male,HR,Junior,0.4,59,87671,0.38,2,4.0,7,77.0,0,0,87,14,0.3,1
773,32,Male,IT,Senior,14.1,21,72111,0.05,1,,10,44.0,0,1,60,7,0.51,1
774,51,Male,IT,Senior,3.5,54,64613,0.63,4,1.0,5,44.0,1,0,70,14,0.41,1
775,52,Male,Finance,Lead,2.6,75,45142,0.41,2,4.0,6,14.0,0,0,64,5,0.04,1
776,45,Female,Finance,Mid,8.3,30,80056,0.1,5,3.0,5,16.0,0,0,39,6,0.96,1
777,30,Female,Data,Lead,9.0,48,62392,0.81,5,2.0,4,11.0,1,0,59,7,0.95,1
778,24,Female,Finance,Mid,2.0,35,84381,0.76,4,,5,21.0,0,1,73,14,0.28,0
779,52,Male,Data,Mid,5.9,86,84993,0.45,5,4.0,6,22.0,1,0,84,3,0.73,0
780,58,Female,Marketing,Lead,7.4,38,88116,0.55,3,1.0,3,77.0,0,0,47,11,0.58,1
781,57,Male,IT,Lead,5.3,31,33848,0.54,4,5.0,5,11.0,1,0,68,12,0.24,0
782,45,Male,Marketing,Mid,0.8,78,74317,0.44,5,4.0,3,67.0,0,0,71,12,0.26,0
783,52,Male,Finance,Lead,10.4,24,38136,0.59,1,1.0,2,50.0,0,1,83,6,0.49,1
784,27,Male,Marketing,Mid,3.9,49,78743,0.68,5,4.0,6,,0,0,59,11,0.42,0
785,23,Female,Marketing,Senior,1.7,96,25589,0.51,3,2.0,5,56.0,1,0,49,6,0.29,1
786,41,Female,Marketing,Lead,2.8,32,45908,0.63,2,3.0,5,54.0,1,0,71,3,0.81,1
787,49,Male,Finance,Senior,0.2,55,76973,0.5,2,5.0,7,27.0,0,0,34,14,0.48,1
788,32,Female,Marketing,Junior,0.7,79,86602,0.72,5,1.0,7,43.0,1,0,79,7,0.65,1
789,25,Male,Data,Senior,7.3,58,31509,0.09,2,5.0,8,18.0,0,0,70,11,0.19,1
790,36,Female,Finance,Senior,0.0,99,65461,0.66,5,5.0,3,45.0,0,1,68,5,0.53,0
791,27,Female,Marketing,Mid,2.7,3,67222,0.58,3,5.0,9,2.0,0,0,86,7,0.32,0
792,51,Male,Finance,Senior,3.7,80,74223,0.51,2,1.0,5,19.0,1,0,86,5,0.53,1
793,59,Female,HR,Lead,0.3,69,69476,0.72,1,1.0,6,24.0,1,0,66,14,0.78,1
794,23,Male,Data,Mid,18.1,85,70710,0.58,5,5.0,2,74.0,0,1,36,5,0.77,0
795,36,Female,Marketing,Junior,1.3,10,77732,0.97,2,3.0,8,55.0,1,0,34,3,0.35,1
796,32,Male,HR,Lead,1.8,83,82114,0.26,3,4.0,4,60.0,0,0,80,4,0.69,1
797,29,Male,HR,Junior,1.8,25,74420,0.36,3,5.0,3,54.0,0,0,37,4,0.94,0
798,47,Female,Finance,Senior,1.3,68,34968,0.6,1,2.0,7,34.0,0,0,85,11,0.63,1
799,26,Female,HR,Lead,0.0,61,27462,0.93,3,5.0,8,77.0,1,1,40,9,0.15,0
800,27,Male,Data,Lead,6.5,29,34460,0.84,3,1.0,10,58.0,0,0,51,10,0.68,1
697,26,Male,IT,Lead,6.3,94,28783,0.64,1,2.0,6,5.0,0,0,89,8,0.39,1
668,31,Female,Data,Senior,0.3,8,56508,0.29,4,2.0,4,60.0,0,0,38,6,0.6,1
64,42,Female,Finance,Mid,1.6,41,64104,0.36,3,1.0,5,15.0,1,0,62,8,0.29,1
534,59,Female,IT,Lead,15.7,49,36410,0.43,2,4.0,1,22.0,1,0,62,7,0.87,1
67,45,Male,Finance,Mid,3.6,13,86845,0.85,3,5.0,2,10.0,0,0,75,5,0.59,0
622,42,Male,IT,Mid,14.3,61,86899,0.61,5,4.0,5,43.0,1,0,85,10,0.33,0
347,40,Female,HR,Lead,2.6,46,89095,0.59,4,2.0,4,61.0,1,0,39,5,0.9,1
491,39,Female,HR,Lead,1.9,47,83226,0.83,1,3.0,4,25.0,1,0,95,14,0.65,1
761,27,Female,Data,Mid,2.7,61,69222,0.79,3,3.0,7,35.0,1,0,84,11,0.55,0
457,56,Female,Finance,Junior,13.2,67,68391,0.35,5,3.0,5,79.0,0,0,44,4,0.39,0
66,39,Male,Finance,Junior,5.9,73,41999,0.77,5,5.0,4,4.0,1,0,66,5,0.63,0
287,53,Female,Data,Junior,5.1,32,74996,0.74,4,2.0,4,66.0,1,0,92,7,0.22,1
636,24,Female,Finance,Junior,8.3,99,45566,0.85,5,3.0,7,7.0,0,0,46,7,0.6,0
68,47,Female,IT,Mid,1.8,70,34941,0.51,3,2.0,2,28.0,0,0,53,12,0.92,1
328,46,Male,Finance,Junior,4.0,61,73920,0.79,4,3.0,5,31.0,1,0,93,13,0.98,0
396,26,Male,HR,Mid,9.4,55,70536,0.84,4,4.0,8,46.0,0,0,81,8,0.01,0
245,25,Female,IT,Lead,0.3,10,44567,0.81,2,4.0,5,49.0,0,1,67,13,0.73,1
378,37,Male,HR,Mid,1.7,18,36001,0.67,3,5.0,3,16.0,1,0,44,10,0.39,0
611,52,Male,Marketing,Mid,3.1,95,56954,0.19,2,3.0,4,78.0,1,1,72,14,0.74,1
527,29,Female,Finance,Mid,6.1,13,70159,0.56,1,2.0,6,17.0,0,0,91,10,0.95,1
659,59,Male,HR,Junior,1.6,62,63652,0.17,5,5.0,3,20.0,0,0,60,9,0.12,1
530,34,Female,Marketing,Mid,7.6,49,62531,0.81,4,5.0,9,37.0,0,0,80,12,0.47,0
623,35,Female,HR,Lead,7.7,79,37392,0.68,2,5.0,4,28.0,0,0,50,13,0.24,1
722,43,Male,Data,Senior,2.5,28,72133,0.24,5,2.0,6,55.0,1,0,55,11,0.63,1
